/*
 Navicat Premium Data Transfer

 Source Server         : Local
 Source Server Type    : MySQL
 Source Server Version : 50505
 Source Host           : localhost
 Source Database       : cartasduellinks

 Target Server Type    : MySQL
 Target Server Version : 50505
 File Encoding         : utf-8

 Date: 04/27/2017 19:06:07 PM
*/

SET NAMES utf8;
SET FOREIGN_KEY_CHECKS = 0;

-- ----------------------------
--  Table structure for `articles`
-- ----------------------------
DROP TABLE IF EXISTS `articles`;
CREATE TABLE `articles` (
  `id` int(10) unsigned NOT NULL AUTO_INCREMENT,
  `user_id` int(10) unsigned NOT NULL,
  `slug` varchar(255) COLLATE utf8_unicode_ci NOT NULL,
  `meta_description` varchar(255) COLLATE utf8_unicode_ci NOT NULL,
  `title` varchar(255) COLLATE utf8_unicode_ci NOT NULL,
  `subtitle` varchar(255) COLLATE utf8_unicode_ci NOT NULL,
  `text` text COLLATE utf8_unicode_ci NOT NULL,
  `icon` varchar(255) COLLATE utf8_unicode_ci NOT NULL,
  `category_id` int(10) unsigned NOT NULL,
  `created_at` timestamp NULL DEFAULT NULL,
  `updated_at` timestamp NULL DEFAULT NULL,
  `deleted_at` timestamp NULL DEFAULT NULL,
  PRIMARY KEY (`id`),
  KEY `articles_category_id_foreign` (`category_id`) USING BTREE,
  KEY `articles_user_id_foreign` (`user_id`) USING BTREE,
  CONSTRAINT `articles_ibfk_1` FOREIGN KEY (`category_id`) REFERENCES `categories` (`id`) ON DELETE CASCADE,
  CONSTRAINT `articles_ibfk_2` FOREIGN KEY (`user_id`) REFERENCES `users` (`id`) ON DELETE CASCADE
) ENGINE=InnoDB DEFAULT CHARSET=utf8 COLLATE=utf8_unicode_ci;

-- ----------------------------
--  Table structure for `autoresponders`
-- ----------------------------
DROP TABLE IF EXISTS `autoresponders`;
CREATE TABLE `autoresponders` (
  `id` int(10) unsigned NOT NULL AUTO_INCREMENT,
  `section` varchar(255) COLLATE utf8_unicode_ci NOT NULL,
  `slug` varchar(255) COLLATE utf8_unicode_ci DEFAULT NULL,
  `departament` varchar(255) COLLATE utf8_unicode_ci NOT NULL,
  `issue` varchar(255) COLLATE utf8_unicode_ci NOT NULL,
  `addressee_mail` text COLLATE utf8_unicode_ci NOT NULL,
  `text_button` varchar(255) COLLATE utf8_unicode_ci NOT NULL,
  `message_text` text COLLATE utf8_unicode_ci NOT NULL,
  `created_at` timestamp NULL DEFAULT NULL,
  `updated_at` timestamp NULL DEFAULT NULL,
  `deleted_at` timestamp NULL DEFAULT NULL,
  PRIMARY KEY (`id`),
  UNIQUE KEY `autoresponders_departament_unique` (`departament`) USING BTREE
) ENGINE=InnoDB AUTO_INCREMENT=5 DEFAULT CHARSET=utf8 COLLATE=utf8_unicode_ci;

-- ----------------------------
--  Records of `autoresponders`
-- ----------------------------
BEGIN;
INSERT INTO `autoresponders` VALUES ('1', 'Financiamiento', 'financiamiento', 'Finanzas', 'Isuzu Motors México', 'cristina.pineda@masclicks.com.mx,nancy.rodriguez@isuzumex.com.mx', 'Enviar', '<p><strong>Gracias por contactarnos.<br></strong></p><p><strong>A la brevedad, un representante se pondrá en contacto con usted.</strong></p><br><br>', '2016-11-07 22:11:07', '2017-02-23 16:59:40', null), ('2', 'Cotización', 'cotizacion', 'Ventas', 'Isuzu Motors México', 'cristina.pineda@masclicks.com.mx', 'Enviar', '<p><strong>Gracias por contactarnos.</strong></p><p><strong><br></strong></p><p><strong>A la brevedad, un representante se pondrá en contacto con usted.</strong></p><br><br>', '2016-11-07 22:11:08', '2017-02-23 16:59:51', null), ('3', 'Contacto', 'contacto', 'Departamento de Atención al Cliente', 'Atención al Cliente Isuzu Motors México', 'cristina.pineda@masclicks.com.mx', '', '<p><strong>Gracias por contactarnos.</strong></p><p><strong><br></strong></p><p><strong>A la brevedad, un representante se pondrá en contacto con usted.</strong></p>', '2016-11-07 22:11:08', '2017-02-23 16:59:57', null), ('4', 'Bolsa de Trabajo', 'bolsa-de-trabajo', 'Departamento de Recursos Humanos', 'Dpto. Recursos Humanos Isuzu Motors México', 'cristina.pineda@masclicks.com.mx', '', '<p><strong>Gracias por contactarnos.</strong></p><p><strong><br></strong></p><p><strong>A la brevedad, un representante se pondrá en contacto con usted.</strong></p>', '2016-11-07 22:11:08', '2017-02-23 17:00:03', null);
COMMIT;

-- ----------------------------
--  Table structure for `blocks`
-- ----------------------------
DROP TABLE IF EXISTS `blocks`;
CREATE TABLE `blocks` (
  `id` int(10) unsigned NOT NULL AUTO_INCREMENT,
  `slug` varchar(255) COLLATE utf8_unicode_ci NOT NULL,
  `meta_description` varchar(255) COLLATE utf8_unicode_ci NOT NULL,
  `staticmenu_id` int(10) unsigned NOT NULL,
  `name` varchar(255) COLLATE utf8_unicode_ci NOT NULL,
  `title` varchar(255) COLLATE utf8_unicode_ci NOT NULL,
  `subtitle` varchar(255) COLLATE utf8_unicode_ci NOT NULL,
  `text` text COLLATE utf8_unicode_ci NOT NULL,
  `position` int(11) NOT NULL,
  `created_at` timestamp NULL DEFAULT NULL,
  `updated_at` timestamp NULL DEFAULT NULL,
  `deleted_at` timestamp NULL DEFAULT NULL,
  PRIMARY KEY (`id`),
  KEY `blocks_staticmenu_id_foreign` (`staticmenu_id`) USING BTREE,
  CONSTRAINT `blocks_ibfk_1` FOREIGN KEY (`staticmenu_id`) REFERENCES `staticmenus` (`id`) ON DELETE CASCADE
) ENGINE=InnoDB AUTO_INCREMENT=14 DEFAULT CHARSET=utf8 COLLATE=utf8_unicode_ci;

-- ----------------------------
--  Records of `blocks`
-- ----------------------------
BEGIN;
INSERT INTO `blocks` VALUES ('1', 'slider', '', '5', 'slider', 'slider - home', '', '', '0', '2016-11-08 23:12:44', '2016-11-08 23:12:44', null), ('2', 'refacciones-isuzu', '', '3', 'Refacciones', 'Refacciones', '', '<section class=\"contenido-postventa\">\r\n<div class=\"container\">\r\n<div class=\"row\"><br />\r\n<article class=\"col s12 l9 refacciones\">\r\n<div class=\"row\">\r\n<div class=\"col s12\">\r\n<h2 class=\"white-text\">&iquest;Porqu&eacute; usar refacciones originales Isuzu?</h2>\r\n<p class=\"white-text\">Las refacciones originales Isuzu han sido dise&ntilde;adas y fabricadas especialmente para los camiones Isuzu bajo los est&aacute;ndares m&aacute;s altos de calidad. Para que tu cami&oacute;n nunca deje de tener sus funcionalidades que lo distinguen utiliza refacciones originales Isuzu.</p>\r\n<p class=\"white-text\"><strong>&iexcl;No arriesgues tu inversi&oacute;n!</strong></p>\r\nCODEGAL1</div>\r\n</div>\r\n<div class=\"row\">\r\n<ul class=\"collapsible collapsible-refacciones\" data-collapsible=\"accordion\">\r\n<li>\r\n<div class=\"collapsible-header active center-align texto-rojo\"><em class=\"material-icons medium right\"></em>ISUZU GENUINE PARTS</div>\r\n<div class=\"collapsible-body\">\r\n<div class=\"texto-transparencia\">\r\n<h3>&iquest;Qu&eacute; son las Isuzu Genuine Parts?</h3>\r\n<p>Isuzu Genuine Parts o piezas genuinas de Isuzu son refacciones eficientes y confiables que ofrecen la garant&iacute;a de mantener el menor tiempo de inactividad de los camiones.</p>\r\n<p>La disponibilidad de piezas genuinas de Isuzu, sus precios, fiabilidad y calidad son elementos clave para proporcionar el alto nivel de cuidado al que Isuzu est&aacute; comprometido.</p>\r\n<p>CODEGAL2</p>\r\n<p>&nbsp;</p>\r\n</div>\r\n</div>\r\n</li>\r\n<li>\r\n<div class=\"collapsible-header center-align texto-rojo\"><em class=\"material-icons medium right\"></em>Best value parts</div>\r\n<div class=\"collapsible-body\">\r\n<div class=\"texto-transparencia\">\r\n<p>La gama Best Value Parts (BVP) ofrece una alternativa rentable a los propietarios de camiones Isuzu que no est&aacute;n dispuestos a comprometer la seguridad y la fiabilidad de los componentes, con una amplia gama de refacciones de alta calidad a precios muy competitivos. Desde filtros de aceite, aire, alternadores entre otros, la gama se ha desarrollado para proporcionar a los propietarios de Isuzu, refacciones de larga duraci&oacute;n y fiables, una opci&oacute;n al mantener una valiosa herramienta de negocio.</p>\r\n<p>CODEGAL3</p>\r\n</div>\r\n</div>\r\n</li>\r\n</ul>\r\n</div>\r\n<div class=\"row\">\r\n<div class=\"col s12 center-align\"><a class=\"waves-effect waves-light btn\" href=\"../../../concesionarios\">D&oacute;nde comprar</a></div>\r\n</div>\r\n<!--<div id=\"slider-generico\">\r\n              \r\n                        </div>--></article>\r\n</div>\r\n</div>\r\n</section>', '0', '2016-11-08 23:15:50', '2017-04-11 22:31:01', null), ('3', 'servicios', 'Servicios', '3', 'Servicios', 'Mantenimiento y Reparación', '', '<p><strong></strong></p>\r\n<div class=\"row\">\r\n<div class=\"col s12\">\r\n<div class=\"nota especial\">\r\n<h2>&iquest;Porqu&eacute; hacer Mantenimientos preventivos?</h2>\r\n<p>El Mantenimiento Preventivo del cami&oacute;n es el encargado de alargar la vida &uacute;til de nuestro veh&iacute;culo, evitando al m&aacute;ximo posibles desgastes o fallos prematuros, adem&aacute;s permite minimizar el tiempo de inactividad del cami&oacute;n y tener consumos de combustible &oacute;ptimos en todo momento.</p>\r\n<p><strong>Beneficios</strong></p>\r\n<ul>\r\n<li>Mantener nuestro cami&oacute;n en las mejores condiciones de funcionamiento.</li>\r\n<li>Evitar, reducir y en su caso reparar las fallas de su cami&oacute;n.</li>\r\n<li>Disminuir la gravedad de las fallas que no se lleguen a evitar.</li>\r\n</ul>\r\n<ul>\r\n<li>Disminuir los costos de reparaci&oacute;n.</li>\r\n<li>Evitar parar el cami&oacute;n por periodos prolongados.</li>\r\n<li>Evitar incidentes y aumentar la seguridad.</li>\r\n<li>Evitar accidentes.</li>\r\n</ul>\r\n</div>\r\n</div>\r\n</div>', '0', '2016-11-08 23:16:16', '2017-04-12 15:36:26', null), ('4', 'ecodrive', 'ecodrive', '3', 'ecodrive', 'ECODRIVE', '', '<article id=\"scroll\" class=\"col s12 l9 notas-imagenes\">\r\n<div class=\"nota\">\r\n<p>Isuzu comprometido con sus clientes, realiza peri&oacute;dicamente cursos de conducci&oacute;n para que los camiones se mantengan en el mejor estado y el consumo de combustible sea &oacute;ptimo para la rentabilidad de cualquier negocio o empresa.</p>\r\n<div class=\"video-container\"><iframe src=\"http://www.youtube.com/embed/JVS-bSJhdKA?rel=0\" width=\"853\" height=\"480\" frameborder=\"0\" allowfullscreen=\"allowfullscreen\"></iframe></div>\r\n<br />\r\n<h2>Consulta el calendario de cursos de conducci&oacute;n</h2>\r\n<iframe style=\"border: solid 1px #777;\" src=\"https://calendar.google.com/calendar/embed?title=Cursos%20de%20conducci%C3%B3n%20Isuzu%20M%C3%A9xico&amp;mode=AGENDA&amp;height=300&amp;wkst=2&amp;hl=es&amp;bgcolor=%23999999&amp;src=nu1jj8p4ppcidueu34vobfsi6o%40group.calendar.google.com&amp;color=%23711616&amp;ctz=America%2FMexico_City\" width=\"100%\" height=\"300\" frameborder=\"0\" scrolling=\"no\"></iframe></div>\r\n</article>', '0', '2016-11-08 23:16:36', '2017-04-12 15:45:22', null), ('5', 'accesorios', 'Accesorios', '3', 'Accesorios', 'Accesorios', '', '<h1><strong>Turbocargador y Post-enfriador</strong></h1>\r\n<p>Uno de los m&eacute;todos empleados para aumentar la habilidad de &ldquo;bombeo&rdquo; (<em>eficiencia volum&eacute;trica</em>) de un motor para que desarrolle mayor rendimiento con menos combustible consiste en incorporar un Turbocargador que fuerce el aire dentro del motor a una presi&oacute;n atmosf&eacute;rica m&aacute;s alta.</p>\r\n<p><img src=\"../../../Backend/upload/Tips Isuzu/turbocargador-imagen.jpg\" alt=\"\" /></p>\r\n<p>La propela de la turbina (3) es impulsada por la energ&iacute;a t&eacute;rmica y la presi&oacute;n que suministran los gases de escape. Por tal motivo, mientras la turbina se encuentra funcionando, al motor no se le suministra ninguna carga adicional ni se le roba fuerza. La propela del compresor (4) est&aacute; acoplada directamente a la flecha de la propela de la turbina (3), ambas propelas giran a una misma velocidad, la que puede ser tan alta como 132,000 rpm.</p>\r\n<p>Aunque el Turbocargador mejora la Eficiencia Volum&eacute;trica, al mismo tiempo incrementa la temperatura del aire de admisi&oacute;n. Esta elevaci&oacute;n de temperatura se debe a la compresi&oacute;n del aire y es directamente proporcional a la cantidad de presi&oacute;n de aire producida.</p>\r\n<p>Para ayudar a contrarrestar este incremento de temperatura es utilizado un enfriador de aire o post-enfriador (aftercooler). El aire que es atra&iacute;do por el ventilador y el aire que tiene contacto con la parte frontal del veh&iacute;culo cuando existe una velocidad vehicular, fluyen a trav&eacute;s de los tubos corrugados del Post-enfriador. A medida que el aire caliente comprimido pasa alrededor de estos tubos, es enfriado debido a la diferencia de temperaturas. Es por ello que este tipo de enfriador tambi&eacute;n es conocido como &ldquo;enfriador aire aire&rdquo;.</p>\r\n<p>_____________________________________________________________</p>\r\n<h1><strong>&iquest;Qu&eacute; es una bater&iacute;a?</strong></h1>\r\n<p>Una bater&iacute;a es un dispositivo que almacena energ&iacute;a qu&iacute;mica para ser liberada despu&eacute;s en forma de energ&iacute;a el&eacute;ctrica al momento de encender el veh&iacute;culo. Cuando la bater&iacute;a se conecta a una demanda externa de corriente, como un motor, la energ&iacute;a qu&iacute;mica se convierte en energ&iacute;a el&eacute;ctrica y fluye a trav&eacute;s del circuito.</p>\r\n<p>Prop&oacute;sito de las bater&iacute;as:</p>\r\n<ol>\r\n<li>Suministra energ&iacute;a en el sistema de arranque e ignici&oacute;n</li>\r\n<li>Cuando las demandas el&eacute;ctricas exceden la energ&iacute;a que sale del alternador, entrega energ&iacute;a a las luces, radio, aire acondicionado y otros accesorios.</li>\r\n<li>Estabiliza el voltaje en el sistema el&eacute;ctrico.</li>\r\n<li>Provee de energ&iacute;a a los accesorios cuando el motor no est&aacute; encendido.</li>\r\n</ol>\r\n<p><strong><img style=\"display: block; margin-left: auto; margin-right: auto;\" src=\"../../../Backend/upload/Tips Isuzu/bateria.jpg\" alt=\"\" /></strong></p>\r\n<p>&nbsp;<strong>Lo importante para la selecci&oacute;n de una bater&iacute;a son los siguientes tres n&uacute;meros b&aacute;sicos:</strong></p>\r\n<ul>\r\n<li><span style=\"font-weight: 400;\">Poder de arranque en amperios:&nbsp;</span><span style=\"font-weight: 400;\">En la bater&iacute;a, figura tambi&eacute;n como CCA. (</span><strong style=\"color: #828282;\">C</strong><span style=\"font-weight: 400;\">old </span><strong style=\"color: #828282;\">C</strong><span style=\"font-weight: 400;\">ranking </span><strong style=\"color: #828282;\">A</strong><span style=\"font-weight: 400;\">mperes.)</span></li>\r\n<li>Capacidad de reserva &nbsp;(RC): Expresado en minutos.</li>\r\n<li>Capacidad (A-h): Llamado tambi&eacute;n \"el amperaje\".</li>\r\n</ul>\r\n<p>Anteriormente &nbsp;las bater&iacute;as se ped&iacute;an por n&uacute;mero de placas.</p>\r\n<div><strong>Amperios-hora, Ah</strong></div>\r\n<div>Unidad de capacidad de la bater&iacute;a.</div>\r\n<div>&nbsp;</div>\r\n<div><strong>Corriente de arranque CA</strong></div>\r\n<div><span style=\"font-weight: 400;\">Esta corriente es la m&aacute;xima que puede suministrar una bater&iacute;a a 0&nbsp;&deg;C durante 30 segundos con un voltaje en cada una de las c&eacute;lulas de 1,2 volt.</span></div>\r\n<div>&nbsp;</div>\r\n<div><strong>Corriente de arranque en fr&iacute;o, CCA</strong></div>\r\n<div><span style=\"font-weight: 400;\">Del ingl&eacute;s </span><em><span style=\"font-weight: 400;\">Cold Cranking Amps</span></em><span style=\"font-weight: 400;\">, es la corriente de arranque en fr&iacute;o, proporciona la corriente m&aacute;xima que puede suministrar la bater&iacute;a a una temperatura de -18&nbsp;&deg;C (0&nbsp;&deg;F) durante 30 segundos, durante la cual el voltaje de cada una de las c&eacute;lulas ha de ser de 1,2 V.&nbsp;</span>Para identificar el tiempo de descarga de una bater&iacute;a se ocupa la siguiente formula, entonces se puede averiguar el tiempo m&aacute;ximo:</div>\r\n<div>&nbsp;</div>\r\n<div><em>I: Corriente</em></div>\r\n<pre><em>Q: Capacidad</em></pre>\r\n<pre><em>T: Tiempo<br /><br /><img style=\"float: left;\" src=\"../../../Backend/upload/Tips Isuzu/formula-bateria.jpg\" alt=\"\" /></em></pre>', '0', '2016-11-08 23:16:58', '2016-12-19 22:14:51', null), ('6', 'cambiando-los-estandares-globales-y-brindando-confianza-al-m', 'Mensaje de nuestro Presidente', '1', 'Mensaje de nuestro Presidente', 'Mensaje de nuestro Presidente', 'Mensaje de nuestro Presidente', '<p>Es en entornos dif&iacute;ciles y con panoramas complejos cuando debemos encontrar nuevas oportunidades. En situaciones as&iacute; tendemos a cuestionar nuestras capacidades, pero en esta ocasi&oacute;n gestionar el negocio de una manera tradicional y con conceptos convencionales pueden ser una estrategia que no se ajuste al entorno, tenemos entonces que mantener la atenci&oacute;n en las principales tendencias del mercado.</p>\r\n<p>Sin perder la consecuci&oacute;n audaz de nuestros objetivos pero abiertos a la posibilidad de asumir tareas desafiantes, es como podemos mantener el rumbo y la direcci&oacute;n correcta. Para ello, se requiere tener la sensibilidad pertinente, no pasar por alto ning&uacute;n detalle, imaginaci&oacute;n, tomar decisiones sin miedo al fracaso y adaptarse al cambio r&aacute;pidamente, es decir ejercer un buen liderazgo.</p>\r\n<p>Isuzu Motors de M&eacute;xico sigue consolid&aacute;ndose como el n&uacute;mero 1 en el segmento de camiones de carga ligera a&ntilde;o con a&ntilde;o, gracias principalmente a la fuerza de gente, nuestro principal objetivo es tener clientes satisfechos y mantener ese importante valor que nos permite ofrecer un servicio de alta calidad.</p>\r\n<blockquote>\r\n<p><em>&rdquo;Isuzu M&eacute;xico est&aacute; comprometido con todos sus clientes, con el &uacute;nico objetivo de mantener la confianza de sus socios de negocio y su gente en todos los niveles.</em></p>\r\n<p><em>&iexcl;Isuzu Motors de M&eacute;xico trabajando juntos para asegurar el futuro!\"</em></p>\r\n<p>Director General de Isuzu Motors de M&eacute;xico</p>\r\n<p><strong>Hirokazu Maruyama</strong></p>\r\n</blockquote>', '0', '2016-11-08 23:37:29', '2017-02-09 16:48:56', null), ('7', 'nuestra-herencia', 'Nuestra Herencia', '1', 'Nuestra Herencia', 'Nuestra Herencia', '', '<h2><iframe style=\"display: block; margin-left: auto; margin-right: auto;\" src=\"https://www.youtube-nocookie.com/embed/-4r_KIsYoI8?rel=0&amp;controls=0\" width=\"430\" height=\"315\" frameborder=\"0\" allowfullscreen=\"allowfullscreen\"></iframe></h2>\r\n<h2>Historia de los camiones Isuzu</h2>\r\n<p style=\"text-align: left;\">Como parte de una de las compañías Japonesas más antiguas de la industria automotriz, la historia de Isuzu se remonta al año de 1916, cuando las compañías Tokyo Ishikawajima Shipbuilding &amp; Engineering Co. y la Tokyo Gas &amp; Electric Industrial Co. iniciaron planes para la producción de automóviles.</p>\r\n<h4>ELF Camiones de Carga Ligera</h4>\r\n<p>Lanzado en 1959, ELF se equip&oacute; con un motor diesel el a&ntilde;o siguiente de su lanzamiento, el primero para camiones ligeros en Jap&oacute;n. ELF siempre ha liderado el camino en camiones ligeros, con el modelo Flat Low introducido en 1974, el Wide Cab en 1980 y la suspensi&oacute;n delantera independiente en 1990. El ELF KR, lanzado en 2002, fue el primero en cumplir con la nueva versi&oacute;n japonesa de 2003, llamadas Normas de emisi&oacute;n a corto plazo. En 2004, ELF rompi&oacute; la marca de fabricaci&oacute;n acumulada de cuatro millones de veh&iacute;culos. En 2006, un innovador cambio de modelo completo fue m&aacute;s all&aacute; del concepto tradicional de camiones ligeros. ELF sigue actuando como un cami&oacute;n est&aacute;ndar global en la nueva era.</p>\r\n<p style=\"text-align: center;\"><img src=\"../../../Backend/upload/Nuestra Herencia/3.jpg\" alt=\"\" /></p>\r\n<h4>FORWARD Camiones de Carga Media</h4>\r\n<p>FORWARD, un cami&oacute;n de carga media, naci&oacute; en 1966 bajo el nombre de TY y recibi&oacute; su nombre actual en 1970. La cabina corta FORWARD V fue a&ntilde;adida en 1998, con FORWARDMAX introducida al a&ntilde;o siguiente. FORWARD responde a los cambios en el entorno de transporte ofreciendo el mayor rendimiento en camiones de carga media y aportando un nuevo valor.</p>\r\n<p style=\"text-align: center;\"><img src=\"../../../Backend/upload/Nuestra Herencia/2.jpg\" alt=\"\" width=\"394\" height=\"332\" /></p>\r\n<h4>Serie Bus</h4>\r\n<p>El autob&uacute;s GALA de gran tama&ntilde;o fue introducido en 1996, seguido por los autobuses medianos GALA mio y ERGA mio en 1999. ERGA fue lanzado en 2000. GALA se renov&oacute; completamente en 2005. La seguridad y el rendimiento medioambiental de ERGA y ERGA mio se contin&uacute;an mejorando desde 2007. Estos modelos fueron los predecesores del actual ELF600 BUS comercializado especialmente para el mercado mexicano.</p>\r\n<h4>Motores Industriales</h4>\r\n<p>Isuzu comenz&oacute; a vender motores industriales en 1952, muy por delante de sus competidores. Los motores industriales de Isuzu se han utilizado no s&oacute;lo para las m&aacute;quinas de construcci&oacute;n dom&eacute;sticas, carretillas elevadoras, generadores, barcos e incluso los veh&iacute;culos pesados ​​de la nieve utilizados por los equipos japoneses de la expedici&oacute;n ant&aacute;rtica bajo condiciones clim&aacute;ticas severas en el Polo Sur, Por los fabricantes de todo el mundo.</p>', '0', '2016-11-08 23:37:56', '2017-01-26 19:25:25', null), ('8', 'historia-de-los-vehiculos-comerciales', 'Isuzu México', '1', 'Isuzu México', 'Isuzu México', 'Isuzu México', '<p>Isuzu Motors de M&eacute;xico se estableci&oacute; en 2005, trayendo parte de su gama de productos para satisfacer las principales necesidades del mercado mexicano. Actualmente cuenta con camiones comerciales de hasta 17 Ton de PBV.</p>\r\n<p>La dedicaci&oacute;n de Isuzu Motors Limited a la investigaci&oacute;n y el desarrollo y las econom&iacute;as de escala mundiales, junto con su fuerte relaci&oacute;n con Isuzu M&eacute;xico, garantiza muchos beneficios para los clientes mexicanos de camiones de la marca.</p>\r\n<p><a class=\"waves-effect waves-light btn\" href=\"http://isuzumexaniversario.com.mx/timeline.html\" target=\"_blank\"> Conoce m&aacute;s sobre Isuzu M&eacute;xico</a></p>', '0', '2016-11-08 23:38:38', '2017-01-31 17:14:59', null), ('9', 'historia-del-desarrollo-de-negocios-en-el-extranjero', 'Compromiso ambiental', '1', 'Compromiso ambiental', 'Compromiso ambiental', 'Compromiso ambiental', '<p>Como l&iacute;der de la industria, Isuzu Motors toma en serio sus responsabilidades medioambientales y mientras se encuentra en un camino constante de mejora de productos y operaciones, se hace todo lo posible para minimizar su impacto ambiental.</p>\r\n<p>Adem&aacute;s de su dedicaci&oacute;n a producir productos de motores diesel de baja emisi&oacute;n, pero de bajo consumo, la compa&ntilde;&iacute;a tambi&eacute;n est&aacute; fuertemente involucrada en el desarrollo y producci&oacute;n de tecnolog&iacute;as de combustibles alternativos, incluyendo Gas Natural Comprimido y veh&iacute;culos diesel-el&eacute;ctricos h&iacute;bridos.</p>', '0', '2016-11-08 23:39:14', '2017-01-26 17:36:14', null), ('10', 'isuzu-en-la-antartida', 'Isuzu en la Antártida', '1', 'Isuzu en la Antártida', 'Isuzu en la Antártida', '', '<p><strong>&nbsp;Los motores m&aacute;s confiables incluso en condiciones extremas.</strong></p>\r\n<p><span style=\"font-weight: 400;\">Desde 1955 Isuzu fue designada como la empresa para distribuir motores diesel y generadores para veh&iacute;culos de nieve en el Polo Sur en una de las bases del pa&iacute;s Nippon.</span></p>\r\n<p>Desde que el equipo Japon&eacute;s inici&oacute; sus expediciones por la Ant&aacute;rtida en 1956, Isuzu ha enviado tambi&eacute;n a sus ingenieros para la expedici&oacute;n con el fin de garantizar el funcionamiento de motores y veh&iacute;culos.</p>\r\n<p>La temperatura media en el continente es de -30 grados cent&iacute;grados, la atm&oacute;sfera es baja y la elevaci&oacute;n m&aacute;xima alcanza los 5.000 metros sobre el nivel del mar, existen fuertes r&aacute;fagas de viento durante todo el a&ntilde;o y ventiscas todos los d&iacute;as. Gran parte del &eacute;xito de las expediciones depende de un rendimiento fiable de los motores a diesel de Isuzu.</p>\r\n<p><span style=\"font-weight: 400;\">Tambi&eacute;n las motos de nieve requieren motores a diesel con normas estrictas de rendimiento, porque se mueven alrededor de un &aacute;rea extendida con clima severo. El motor de Isuzu de 13.7 litros con turbocompresor 6RB1 se ha montado en grandes motos para su uso en &nbsp;lugares donde la altura es superior a los 3500 metros sobre el nivel del mar y la temperatura es de -80 grados cent&iacute;grados.</span></p>\r\n<p><span style=\"font-weight: 400;\">Tambi&eacute;n los generadores en la base est&aacute;n equipados con motores a diesel de Isuzu, estos producen electricidad de uso diario para los equipos de observaci&oacute;n, calefacci&oacute;n en las habitaciones, se usa para la cocina, para fundir el hielo para hacer agua, etc.</span></p>\r\n<p><strong><span style=\"font-weight: 400;\">Isuzu tiene el orgullo de que la empresa y sus ingenieros hayan desempe&ntilde;ado un papel muy importante apoyando la vida de las personas que trabajan en la Ant&aacute;rtida, </span><strong>consider&aacute;ndolo prueba de la excelente fiabilidad y durabilidad de los motores a diesel de Isuzu.</strong></strong></p>', '0', '2016-11-08 23:40:08', '2016-12-06 19:17:31', null), ('11', 'nosotros', 'Herencia japonesa', '6', 'Herencia japonesa', 'Herencia japonesa', 'Herencia japonesa', '<p><iframe style=\"display: block; margin-left: auto; margin-right: auto;\" src=\"https://www.youtube-nocookie.com/embed/6IXK_tw-CMs?rel=0&amp;controls=0&amp;showinfo=0\" width=\"420\" height=\"315\" frameborder=\"0\" allowfullscreen=\"allowfullscreen\"></iframe></p>\r\n<p>Isuzu Motors (Jap&oacute;n) fue fundada en 1916 y se convirti&oacute; en &ldquo;Isuzu Motors Limited&rdquo; en 1937. Isuzu Motors tiene la historia m&aacute;s larga de cualquier fabricante japon&eacute;s de veh&iacute;culos y es uno de los mayores productores de veh&iacute;culos comerciales en todo el mundo.</p>\r\n<p>La compa&ntilde;&iacute;a es tambi&eacute;n el mayor fabricante de motores diesel comercial del mundo, con su gama de motores diesel de alta calidad, no s&oacute;lo en aplicaciones de transporte por carretera, sino tambi&eacute;n como centrales estacionarias, para la generaci&oacute;n de energ&iacute;a y para aplicaciones de propulsi&oacute;n marina.</p>', '0', '2017-01-26 00:56:44', '2017-01-26 23:47:26', null), ('12', 'acerca-de', 'Acerca de', '6', 'Acerca de', 'Acerca de', 'Acerca de', '', '0', '2017-01-26 18:12:06', '2017-01-26 18:12:06', null), ('13', 'garantias', 'Garantias', '3', 'Garantias', 'Garantias', 'Catálogos', '<div class=\"row\">\r\n<div class=\"col s12\">\r\n<ul class=\"collapsible collapsible-refacciones\" data-collapsible=\"accordion\">\r\n<li class=\"active\">\r\n<div class=\"collapsible-header center-align texto-rojo active\">Garant&iacute;a Modelos elf</div>\r\n<div class=\"collapsible-body\" style=\"padding-top: 0px; margin-top: 0px; padding-bottom: 0px; margin-bottom: 0px; display: block;\">\r\n<div class=\"texto-transparencia tablas\">\r\n<h3>Garant&iacute;a elf -100, 200, 300, 400, 500, 600 y BUS</h3>\r\n<table class=\"bordered highlight\">\r\n<thead>\r\n<tr><th class=\"center-align white-text\" colspan=\"3\">Garant&iacute;a veh&iacute;cular</th></tr>\r\n</thead>\r\n<tbody>\r\n<tr>\r\n<td>Cobertura B&aacute;sica Inc. Tren Motriz</td>\r\n<td>36 meses</td>\r\n<td>100,000 Km</td>\r\n</tr>\r\n<tr>\r\n<td>Partes</td>\r\n<td>12 meses</td>\r\n<td>10,000 Km</td>\r\n</tr>\r\n<tr>\r\n<td>Bater&iacute;as</td>\r\n<td>12 meses</td>\r\n<td>20,000 Km</td>\r\n</tr>\r\n<tr>\r\n<td>Ajustes: Alineaci&oacute;n de ruedas, Balanceos, Ajustes de embragues.</td>\r\n<td>12 meses</td>\r\n<td>20,000 Km</td>\r\n</tr>\r\n</tbody>\r\n</table>\r\n<table class=\"bordered highlight\">\r\n<thead>\r\n<tr><th class=\"center-align white-text\" colspan=\"3\">Garant&iacute;a pintura</th></tr>\r\n</thead>\r\n<tbody>\r\n<tr>\r\n<td>Pintura</td>\r\n<td>12 meses</td>\r\n<td>20,000 Km</td>\r\n</tr>\r\n<tr>\r\n<td>Corrosi&oacute;n</td>\r\n<td>36 meses</td>\r\n<td>100,000 Km</td>\r\n</tr>\r\n</tbody>\r\n</table>\r\n<p>*La garant&iacute;a es por tiempo o kilometraje lo que ocurra primero.</p>\r\n<p>Consulta las pol&iacute;ticas de garant&iacute;a con tu concesionario m&aacute;s cercano.</p>\r\n</div>\r\n</div>\r\n</li>\r\n<li>\r\n<div class=\"collapsible-header center-align texto-rojo\">\r\n<div class=\"collapsible-header center-align texto-rojo active\">Garant&iacute;a Modelos Fordward</div>\r\n<div class=\"collapsible-body\" style=\"display: block;\">\r\n<div class=\"texto-transparencia tablas center-align\">\r\n<h3>Garant&iacute;a elf -100, 200, 300, 400, 500, 600 y BUS</h3>\r\n<table class=\"bordered highlight\">\r\n<thead>\r\n<tr><th class=\"center-align white-text\" colspan=\"3\">Garant&iacute;a veh&iacute;cular</th></tr>\r\n</thead>\r\n<tbody>\r\n<tr>\r\n<td>Cobertura B&aacute;sica Inc. Tren Motriz</td>\r\n<td>36 meses</td>\r\n<td>100,000 Km</td>\r\n</tr>\r\n<tr>\r\n<td>Partes</td>\r\n<td>12 meses</td>\r\n<td>10,000 Km</td>\r\n</tr>\r\n<tr>\r\n<td>Bater&iacute;as</td>\r\n<td>12 meses</td>\r\n<td>20,000 Km</td>\r\n</tr>\r\n<tr>\r\n<td>Ajustes: Alineaci&oacute;n de ruedas, Balanceos, Ajustes de embragues.</td>\r\n<td>12 meses</td>\r\n<td>20,000 Km</td>\r\n</tr>\r\n</tbody>\r\n</table>\r\n<table class=\"bordered highlight\">\r\n<thead>\r\n<tr><th class=\"center-align white-text\" colspan=\"3\">Garant&iacute;a pintura</th></tr>\r\n</thead>\r\n<tbody>\r\n<tr>\r\n<td>Pintura</td>\r\n<td>12 meses</td>\r\n<td>20,000 Km</td>\r\n</tr>\r\n<tr>\r\n<td>Corrosi&oacute;n</td>\r\n<td>36 meses</td>\r\n<td>100,000 Km</td>\r\n</tr>\r\n</tbody>\r\n</table>\r\n<p class=\"aviso\">*La garant&iacute;a es por tiempo o kilometraje lo que ocurra primero.</p>\r\n<p class=\"aviso\">Consulta las pol&iacute;ticas de garant&iacute;a con tu concesionario m&aacute;s cercano.</p>\r\n</div>\r\n</div>\r\n</div>\r\n</li>\r\n</ul>\r\n</div>\r\n</div>', '0', '2017-01-26 18:12:46', '2017-04-13 17:30:34', null);
COMMIT;

-- ----------------------------
--  Table structure for `boosters`
-- ----------------------------
DROP TABLE IF EXISTS `boosters`;
CREATE TABLE `boosters` (
  `id` int(10) unsigned NOT NULL AUTO_INCREMENT,
  `name` varchar(255) COLLATE utf8_unicode_ci DEFAULT NULL,
  `slug` varchar(255) COLLATE utf8_unicode_ci NOT NULL,
  `meta_description` varchar(255) COLLATE utf8_unicode_ci NOT NULL,
  `image` varchar(255) COLLATE utf8_unicode_ci NOT NULL,
  `banner_image` varchar(255) COLLATE utf8_unicode_ci DEFAULT NULL,
  `minibox` tinyint(255) NOT NULL,
  `available` tinyint(4) NOT NULL,
  `available_date` text COLLATE utf8_unicode_ci NOT NULL,
  `created_at` timestamp NULL DEFAULT NULL,
  `updated_at` timestamp NULL DEFAULT NULL,
  `deleted_at` timestamp NULL DEFAULT NULL,
  PRIMARY KEY (`id`)
) ENGINE=InnoDB AUTO_INCREMENT=2 DEFAULT CHARSET=utf8 COLLATE=utf8_unicode_ci;

-- ----------------------------
--  Records of `boosters`
-- ----------------------------
BEGIN;
INSERT INTO `boosters` VALUES ('1', 'Flame of the Tyrant', 'flame-of-the-tyrant', '', 'flame-of-the-tyrant_83063.png', 'flame-of-the-tyrant_88327.png', '1', '1', '', '2017-04-27 16:19:09', '2017-04-27 16:19:09', null);
COMMIT;

-- ----------------------------
--  Table structure for `cards`
-- ----------------------------
DROP TABLE IF EXISTS `cards`;
CREATE TABLE `cards` (
  `id` int(10) unsigned NOT NULL AUTO_INCREMENT,
  `booster_id` int(10) unsigned NOT NULL,
  `name` varchar(255) COLLATE utf8_unicode_ci NOT NULL,
  `type_monster_card` varchar(255) COLLATE utf8_unicode_ci NOT NULL,
  `type_monster` varchar(255) COLLATE utf8_unicode_ci NOT NULL,
  `type_magic_trap_card` varchar(255) COLLATE utf8_unicode_ci NOT NULL,
  `text` text COLLATE utf8_unicode_ci,
  `created_at` timestamp NULL DEFAULT NULL,
  `image` varchar(255) COLLATE utf8_unicode_ci DEFAULT NULL,
  `updated_at` timestamp NULL DEFAULT NULL,
  `deleted_at` timestamp NULL DEFAULT NULL,
  PRIMARY KEY (`id`),
  KEY `dealerships_state_id_foreign` (`booster_id`) USING BTREE,
  CONSTRAINT `cards_ibfk_1` FOREIGN KEY (`booster_id`) REFERENCES `boosters` (`id`) ON DELETE CASCADE ON UPDATE CASCADE
) ENGINE=InnoDB AUTO_INCREMENT=14 DEFAULT CHARSET=utf8 COLLATE=utf8_unicode_ci;

-- ----------------------------
--  Records of `cards`
-- ----------------------------
BEGIN;
INSERT INTO `cards` VALUES ('3', '1', 'Carta demo', 'Array', '', '', 'Carta demo texto', '2017-04-27 17:01:15', null, '2017-04-27 17:01:15', null), ('5', '1', 'carta demo', '', '', '', '', '2017-04-27 17:01:48', null, '2017-04-27 17:01:48', null), ('6', '1', 'test', '', '', '', 'asdasdasd', '2017-04-27 17:16:35', '/Applications/XAMPP/xamppfiles/temp/phpMgMbJT', '2017-04-27 17:16:35', null), ('7', '1', 'B.E.S Nucleo Grande', 'Array', '', '', 'Esta carta no peude ser destruida en batalla', '2017-04-27 17:20:33', null, '2017-04-27 17:20:33', null), ('8', '1', 'B.E.S Nucleo Grande', '1', '', '', 'Esta carta no peude ser destruida en batalla', '2017-04-27 17:21:24', null, '2017-04-27 17:21:24', null), ('9', '1', 'asdasd', 'Array', '', '', '', '2017-04-27 17:44:25', null, '2017-04-27 17:44:25', null), ('10', '1', 'asdasd', '[\"1\",\"2\"]', '', '', null, '2017-04-27 17:50:05', null, '2017-04-27 17:50:05', null), ('11', '1', 'Jinzo', '[\"effect\"]', '', '', 'asdasdasd', '2017-04-27 18:10:52', null, '2017-04-27 23:52:22', null), ('13', '1', 'Jinzo el caballero oscuro', '[\"effect\",\"fusion\"]', '', '', 'sadasdasd', '2017-04-27 18:13:02', null, '2017-04-27 23:25:25', null);
COMMIT;

-- ----------------------------
--  Table structure for `categories`
-- ----------------------------
DROP TABLE IF EXISTS `categories`;
CREATE TABLE `categories` (
  `id` int(10) unsigned NOT NULL AUTO_INCREMENT,
  `slug` varchar(255) COLLATE utf8_unicode_ci NOT NULL,
  `meta_description` varchar(255) COLLATE utf8_unicode_ci NOT NULL,
  `name` varchar(255) COLLATE utf8_unicode_ci NOT NULL,
  `title` varchar(255) COLLATE utf8_unicode_ci NOT NULL,
  `created_at` timestamp NULL DEFAULT NULL,
  `updated_at` timestamp NULL DEFAULT NULL,
  `deleted_at` timestamp NULL DEFAULT NULL,
  PRIMARY KEY (`id`)
) ENGINE=InnoDB AUTO_INCREMENT=5 DEFAULT CHARSET=utf8 COLLATE=utf8_unicode_ci;

-- ----------------------------
--  Records of `categories`
-- ----------------------------
BEGIN;
INSERT INTO `categories` VALUES ('1', 'isuzu-day', 'Camiones de carga', 'Isuzu Day', 'Isuzu Day Morelia', '2016-11-14 18:15:16', '2016-11-14 18:15:16', null), ('2', 'isuzu-around-the-world', 'Camiones Isuzu alrededor del mundo ', 'Isuzu around the world ', 'Isuzu around the world ', '2016-11-14 18:21:44', '2016-11-14 18:21:44', null), ('3', 'isuzu-news', 'Isuzu noticias ', 'Isuzu News', 'Isuzu News', '2016-11-14 18:22:16', '2016-11-14 18:22:16', null), ('4', 'compromiso-con-mexico', 'Nuestro compromiso con México ', 'Compromiso con México ', 'Compromiso con México ', '2016-11-14 18:24:19', '2016-11-14 18:24:19', null);
COMMIT;

-- ----------------------------
--  Table structure for `galleries`
-- ----------------------------
DROP TABLE IF EXISTS `galleries`;
CREATE TABLE `galleries` (
  `id` int(10) unsigned NOT NULL AUTO_INCREMENT,
  `name` varchar(255) COLLATE utf8_unicode_ci NOT NULL,
  `position` int(11) NOT NULL,
  `active` tinyint(4) NOT NULL,
  `directory` varchar(255) COLLATE utf8_unicode_ci NOT NULL,
  `imageable_id` int(11) NOT NULL,
  `imageable_type` varchar(255) COLLATE utf8_unicode_ci NOT NULL,
  `created_at` timestamp NULL DEFAULT NULL,
  `updated_at` timestamp NULL DEFAULT NULL,
  `deleted_at` timestamp NULL DEFAULT NULL,
  PRIMARY KEY (`id`)
) ENGINE=InnoDB AUTO_INCREMENT=42 DEFAULT CHARSET=utf8 COLLATE=utf8_unicode_ci;

-- ----------------------------
--  Records of `galleries`
-- ----------------------------
BEGIN;
INSERT INTO `galleries` VALUES ('1', 'truck-elf-100', '1', '1', 'images/truck/truck-elf-100', '1', 'App\\Http\\Entities\\Truck', '2016-11-07 23:06:05', '2016-11-07 23:06:05', null), ('2', 'promotion-1', '1', '1', 'images/promotion/promotion-1', '1', 'App\\Http\\Entities\\Promotion', '2016-11-08 23:10:59', '2016-11-08 23:10:59', null), ('3', 'block-1', '1', '1', 'images/block/block-1', '1', 'App\\Http\\Entities\\Block', '2016-11-08 23:12:44', '2016-11-08 23:12:44', null), ('4', 'block-2', '1', '1', 'images/block/block-2', '2', 'App\\Http\\Entities\\Block', '2016-11-08 23:15:50', '2016-11-08 23:15:50', null), ('5', 'block-3', '1', '1', 'images/block/block-3', '3', 'App\\Http\\Entities\\Block', '2016-11-08 23:16:16', '2016-11-08 23:16:16', null), ('6', 'block-4', '1', '1', 'images/block/block-4', '4', 'App\\Http\\Entities\\Block', '2016-11-08 23:16:36', '2016-11-08 23:16:36', null), ('7', 'block-5', '1', '1', 'images/block/block-5', '5', 'App\\Http\\Entities\\Block', '2016-11-08 23:16:58', '2016-11-08 23:16:58', null), ('8', 'block-6', '1', '1', 'images/block/block-6', '6', 'App\\Http\\Entities\\Block', '2016-11-08 23:37:29', '2016-11-08 23:37:29', null), ('9', 'block-7', '1', '1', 'images/block/block-7', '7', 'App\\Http\\Entities\\Block', '2016-11-08 23:37:56', '2016-11-08 23:37:56', null), ('10', 'block-8', '1', '1', 'images/block/block-8', '8', 'App\\Http\\Entities\\Block', '2016-11-08 23:38:39', '2016-11-08 23:38:39', null), ('11', 'block-9', '1', '1', 'images/block/block-9', '9', 'App\\Http\\Entities\\Block', '2016-11-08 23:39:14', '2016-11-08 23:39:14', null), ('12', 'block-10', '1', '1', 'images/block/block-10', '10', 'App\\Http\\Entities\\Block', '2016-11-08 23:40:08', '2016-11-08 23:40:08', null), ('13', 'article-isuzu-day-morelia', '1', '1', 'images/articles/article-isuzu-day-morelia', '1', 'App\\Http\\Entities\\Article', '2016-11-14 18:42:40', '2016-11-14 18:42:40', null), ('14', 'promotion-2', '1', '1', 'images/promotion/promotion-2', '2', 'App\\Http\\Entities\\Promotion', '2016-11-14 22:44:26', '2016-11-14 22:44:26', null), ('15', 'promotion-3', '1', '1', 'images/promotion/promotion-3', '3', 'App\\Http\\Entities\\Promotion', '2016-11-14 22:48:33', '2016-11-14 22:48:33', null), ('16', 'truck-elf-200', '1', '1', 'images/truck/truck-elf-200', '2', 'App\\Http\\Entities\\Truck', '2016-11-14 23:46:22', '2016-11-14 23:46:22', null), ('17', 'truck-demo', '1', '1', 'images/truck/truck-demo', '3', 'App\\Http\\Entities\\Truck', '2016-11-16 16:46:46', '2016-11-16 16:51:33', '2016-11-16 16:51:33'), ('18', 'truck-demo', '1', '1', 'images/truck/truck-demo', '4', 'App\\Http\\Entities\\Truck', '2016-11-16 16:52:22', '2016-11-16 16:52:49', '2016-11-16 16:52:49'), ('19', 'truck-elf-300', '1', '1', 'images/truck/truck-elf-300', '5', 'App\\Http\\Entities\\Truck', '2016-11-17 18:09:00', '2016-11-17 18:09:00', null), ('20', 'truck-elf-400', '1', '1', 'images/truck/truck-elf-400', '6', 'App\\Http\\Entities\\Truck', '2016-11-17 18:28:58', '2016-11-17 18:28:58', null), ('21', 'truck-elf-500', '1', '1', 'images/truck/truck-elf-500', '7', 'App\\Http\\Entities\\Truck', '2016-11-25 17:52:13', '2016-11-25 17:52:13', null), ('22', 'truck-elf-600', '1', '1', 'images/truck/truck-elf-600', '8', 'App\\Http\\Entities\\Truck', '2016-11-25 17:56:39', '2016-11-25 17:56:39', null), ('23', 'truck-forward-800', '1', '1', 'images/truck/truck-forward-800', '9', 'App\\Http\\Entities\\Truck', '2016-11-25 17:59:27', '2016-11-25 17:59:27', null), ('24', 'truck-fforward-1100', '1', '1', 'images/truck/truck-fforward-1100', '10', 'App\\Http\\Entities\\Truck', '2016-11-25 18:04:04', '2016-11-25 18:04:04', null), ('25', 'truck-autobus', '1', '1', 'images/truck/truck-autobus', '11', 'App\\Http\\Entities\\Truck', '2016-12-12 23:33:55', '2016-12-20 18:34:28', '2016-12-20 18:34:28'), ('26', 'truck-elf-600-bus', '1', '1', 'images/truck/truck-elf-600-bus', '12', 'App\\Http\\Entities\\Truck', '2017-01-20 00:54:28', '2017-01-20 00:54:28', null), ('27', 'block-nosotros', '1', '1', 'images/block/block-nosotros', '11', 'App\\Http\\Entities\\Block', '2017-01-26 00:56:44', '2017-01-26 00:56:44', null), ('28', 'block-acerca-de', '1', '1', 'images/block/block-acerca-de', '12', 'App\\Http\\Entities\\Block', '2017-01-26 18:12:06', '2017-01-26 18:12:06', null), ('29', 'block-catalogos', '1', '1', 'images/block/block-catalogos', '13', 'App\\Http\\Entities\\Block', '2017-01-26 18:12:46', '2017-01-26 18:12:46', null), ('30', 'block-concesionarios', '1', '1', 'images/block/block-concesionarios', '14', 'App\\Http\\Entities\\Block', '2017-03-07 19:30:45', '2017-03-07 19:30:45', null), ('32', 'intranet', '0', '0', 'intranet/archivos', '1', 'App\\Http\\Entities\\Gallery', null, null, null), ('33', 'galeria2', '1', '1', 'images/block/block-2/galeria2', '2', 'App\\Http\\Entities\\Block', '2016-11-08 23:16:36', '2016-11-08 23:16:36', null), ('34', 'galeria3', '1', '1', 'images/block/block-2/galeria3', '2', 'App\\Http\\Entities\\Block', '2016-11-08 23:16:36', '2016-11-08 23:16:36', null), ('35', 'truck-tes-bsk0', '1', '1', 'images/truck/truck-tes-bsk0', '14', 'App\\Http\\Entities\\Booster', '2017-04-26 16:52:08', '2017-04-26 16:52:08', null), ('36', 'truck-asdasd', '1', '1', 'images/truck/truck-asdasd', '15', 'App\\Http\\Entities\\Booster', '2017-04-26 17:12:45', '2017-04-26 17:12:45', null), ('37', 'truck-valkiries-rage', '1', '1', 'images/truck/truck-valkiries-rage', '16', 'App\\Http\\Entities\\Booster', '2017-04-26 17:26:49', '2017-04-26 17:26:49', null), ('38', 'truck-imagen', '1', '1', 'images/truck/truck-imagen', '17', 'App\\Http\\Entities\\Booster', '2017-04-26 17:32:19', '2017-04-26 17:32:19', null), ('39', 'truck-tes', '1', '1', 'images/truck/truck-tes', '18', 'App\\Http\\Entities\\Booster', '2017-04-26 17:35:16', '2017-04-26 17:35:16', null), ('40', 'truck-sdfsd', '1', '1', 'images/truck/truck-sdfsd', '20', 'App\\Http\\Entities\\Booster', '2017-04-26 17:47:48', '2017-04-26 18:04:51', '2017-04-26 18:04:51'), ('41', 'truck-asdasdas-6cma', '1', '1', 'images/truck/truck-asdasdas-6cma', '26', 'App\\Http\\Entities\\Booster', '2017-04-26 17:57:07', '2017-04-26 18:04:55', '2017-04-26 18:04:55');
COMMIT;

-- ----------------------------
--  Table structure for `gallery_elements`
-- ----------------------------
DROP TABLE IF EXISTS `gallery_elements`;
CREATE TABLE `gallery_elements` (
  `id` int(10) unsigned NOT NULL AUTO_INCREMENT,
  `value` varchar(255) COLLATE utf8_unicode_ci NOT NULL,
  `type` enum('image','video') COLLATE utf8_unicode_ci NOT NULL DEFAULT 'image',
  `title` varchar(255) COLLATE utf8_unicode_ci NOT NULL,
  `subtitle` varchar(255) COLLATE utf8_unicode_ci NOT NULL,
  `link_text` varchar(255) COLLATE utf8_unicode_ci NOT NULL,
  `link_href` varchar(255) COLLATE utf8_unicode_ci NOT NULL,
  `position` int(11) NOT NULL,
  `gallery_id` int(10) unsigned NOT NULL,
  `created_at` timestamp NULL DEFAULT NULL,
  `background` varchar(255) COLLATE utf8_unicode_ci DEFAULT NULL,
  `updated_at` timestamp NULL DEFAULT NULL,
  `deleted_at` timestamp NULL DEFAULT NULL,
  PRIMARY KEY (`id`),
  KEY `gallery_elements_gallery_id_foreign` (`gallery_id`) USING BTREE,
  CONSTRAINT `gallery_elements_ibfk_1` FOREIGN KEY (`gallery_id`) REFERENCES `galleries` (`id`) ON DELETE CASCADE
) ENGINE=InnoDB AUTO_INCREMENT=367 DEFAULT CHARSET=utf8 COLLATE=utf8_unicode_ci;

-- ----------------------------
--  Records of `gallery_elements`
-- ----------------------------
BEGIN;
INSERT INTO `gallery_elements` VALUES ('2', 'amplios58225a1b2a8c0.jpg', 'image', '', '', '', '', '1', '1', '2016-11-08 23:04:59', null, '2016-11-17 18:04:54', '2016-11-17 18:04:54'), ('7', 'promocion58225f2bd9bc3.jpg', 'image', '', '', '', '', '3', '2', '2016-11-08 23:26:35', null, '2016-11-14 22:48:04', '2016-11-14 22:48:04'), ('8', 'promocion58225f4e1f130.jpg', 'image', '', '', 'http://www.isuzumex.com.mx/', '', '49', '2', '2016-11-08 23:27:10', null, '2016-12-12 22:49:25', '2016-12-12 22:49:25'), ('9', 'camion-home58226007aa290.png', 'image', '', '', '', '', '7', '3', '2016-11-08 23:30:15', null, '2016-11-16 01:08:36', '2016-11-16 01:08:36'), ('10', 'fondo-home582260085187f.jpg', 'image', '', '', '', '', '7', '3', '2016-11-08 23:30:16', null, '2016-11-16 01:25:27', '2016-11-16 01:25:27'), ('11', 'isuzu-posventa582609a8df3be.jpg', 'image', 'Isuzu around the world ', '', '', 'https://www.youtube.com/watch?v=-4r_KIsYoI8', '9', '3', '2016-11-11 18:10:48', null, '2016-12-14 19:40:20', '2016-12-14 19:40:20'), ('12', '14650135-1442397359106931-3909005779951369077-n582a0cb7273c8.jpg', 'image', '', '', '', '', '91', '13', '2016-11-14 19:12:55', null, '2017-04-12 22:42:27', null), ('13', '14956470-1463229373690396-4263943367670938931-n582a0cb85b3a6.png', 'image', '', '', '', '', '90', '13', '2016-11-14 19:12:56', null, '2017-04-12 22:42:27', null), ('14', 'ndice582a3e499f1cc.png', 'image', '', '', '', '', '88', '13', '2016-11-14 22:44:25', null, '2017-04-12 22:42:27', null), ('15', '14725553-1455165057830161-2705655984298931620-n582a3eb3983b3.png', 'image', '', '', 'http://isuzu.desarrollosmasclicks.com/camiones/amplios_interiores/elf-100', '', '89', '14', '2016-11-14 22:46:11', null, '2017-04-12 22:42:27', null), ('16', '14725553-1455165057830161-2705655984298931620-n582a3fada9dc3.png', 'image', '', '', '', '', '87', '15', '2016-11-14 22:50:21', null, '2017-04-12 22:42:27', null), ('17', '14642441-1442401002439900-5794690064147510120-n582a3fe241d75.png', 'image', '', '', '', '', '1', '2', '2016-11-14 22:51:14', null, '2016-11-14 23:06:24', '2016-11-14 23:06:24'), ('18', 'ejemplodepromociones582a43811c737.jpg', 'image', '', '', '', '', '4', '2', '2016-11-14 23:06:41', null, '2016-11-25 18:15:10', '2016-11-25 18:15:10'), ('19', 'unspecified1582a4a0f869f6.png', 'image', '', '', '', '', '54', '7', '2016-11-14 23:34:39', null, '2016-12-15 18:40:17', '2016-12-15 18:40:17'), ('20', 'a4f84b2b73293b582a4d108d203.png', 'image', '', '', '', '', '9', '16', '2016-11-14 23:47:28', null, '2016-11-17 18:03:47', '2016-11-17 18:03:47'), ('21', 'a4f84b2e9e70ff582a4d11a971b.png', 'image', '', '', '', '', '6', '16', '2016-11-14 23:47:29', null, '2016-11-17 18:03:51', '2016-11-17 18:03:51'), ('22', '14642441-1442401002439900-5794690064147510120-n582a5358023b9.png', 'image', '', '', '', '', '1', '2', '2016-11-15 00:14:16', null, '2016-11-15 00:15:01', '2016-11-15 00:15:01'), ('23', 'elf-100582bb246d609e.png', 'image', '', '', '', '', '1', '3', '2016-11-16 01:11:34', null, '2016-11-16 01:13:55', '2016-11-16 01:13:55'), ('24', 'slider-camion582bb2f435782.png', 'image', '', '', '', '', '4', '3', '2016-11-16 01:14:28', null, '2016-11-16 01:25:20', '2016-11-16 01:25:20'), ('25', 'slider-camion582bb41baf665.png', 'image', 'Listos para trabajar ', '', 'http://isuzu.desarrollosmasclicks.com/aplicaciones', '', '3', '3', '2016-11-16 01:19:23', null, '2016-11-24 23:46:12', '2016-11-24 23:46:12'), ('26', 'Fondo-Blanco.png', 'image', '', '', '', '', '1', '3', '2016-11-16 01:19:24', null, '2016-11-17 00:34:29', '2016-11-17 00:34:29'), ('27', 'home-servicio582bb4793dc47.jpg', 'image', '', '', '', '', '6', '3', '2016-11-16 01:20:57', null, '2016-11-16 01:23:05', '2016-11-16 01:23:05'), ('28', 'slider-camion582bb4ed7a1f8.png', 'image', '', '', '', '', '2', '3', '2016-11-16 01:22:53', null, '2016-11-16 01:23:11', '2016-11-16 01:23:11'), ('29', 'promocion582c8a325eaa7.jpg', 'image', '', '', '', '', '7', '3', '2016-11-16 16:32:50', null, '2016-11-17 00:36:42', '2016-11-17 00:36:42'), ('30', 'home-slider582c8a67ee684.jpg', 'image', '', '', '', '', '6', '3', '2016-11-16 16:33:44', null, '2016-11-17 00:36:38', '2016-11-17 00:36:38'), ('31', 'slider-home582cfb4e749da.jpg', 'image', '', '', '', '', '4', '3', '2016-11-17 00:35:26', null, '2016-12-08 18:10:30', '2016-12-08 18:10:30'), ('32', 'ndice582d08499d82a.png', 'image', '', '', '', '', '2', '3', '2016-11-17 01:30:49', null, '2016-11-17 16:46:10', '2016-11-17 16:46:10'), ('33', 'galeria-1-elf200582df13069021.jpg', 'image', '', '', '', '', '19', '16', '2016-11-17 18:04:32', null, '2016-12-08 23:03:45', '2016-12-08 23:03:45'), ('34', 'galeria-1-elf200582df1526d06b.jpg', 'image', '', '', '', '', '22', '1', '2016-11-17 18:05:06', null, '2016-12-07 22:54:38', '2016-12-07 22:54:38'), ('35', 'galeria-1-elf300-copia582df250d766a.jpg', 'image', '', '', '', '', '20', '19', '2016-11-17 18:09:20', null, '2016-12-08 23:05:22', '2016-12-08 23:05:22'), ('36', 'interior-b-elf300582df4725ecf4.jpg', 'image', '', '', '', '', '8', '19', '2016-11-17 18:18:26', null, '2016-11-17 18:24:18', '2016-11-17 18:24:18'), ('37', 'interior-elf300582df472eab38.jpg', 'image', '', '', '', '', '32', '19', '2016-11-17 18:18:26', null, '2016-12-07 16:30:50', '2016-12-07 16:30:50'), ('38', 'motor-elf582df473d0d19.png', 'image', '', '', '', '', '1', '19', '2016-11-17 18:18:27', null, '2016-11-17 18:24:13', '2016-11-17 18:24:13'), ('39', 'motor-elf-300582df59328b27.jpg', 'image', '', '', '', '', '37', '16', '2016-11-17 18:23:15', null, '2016-12-07 16:30:24', '2016-12-07 16:30:24'), ('40', 'interio-b-elf300582df5a5c175b.jpg', 'image', '', '', '', '', '35', '16', '2016-11-17 18:23:33', null, '2016-12-07 16:30:13', '2016-12-07 16:30:13'), ('41', 'interior-elf300582df5a67134a.jpg', 'image', '', '', '', '', '32', '16', '2016-11-17 18:23:34', null, '2016-12-07 16:30:06', '2016-12-07 16:30:06'), ('42', 'interio-b-elf300582df5beccd46.jpg', 'image', '', '', '', '', '36', '1', '2016-11-17 18:23:58', null, '2016-12-07 16:29:00', '2016-12-07 16:29:00'), ('43', 'interior-elf300582df5bf7434c.jpg', 'image', '', '', '', '', '33', '1', '2016-11-17 18:23:59', null, '2016-12-07 16:28:57', '2016-12-07 16:28:57'), ('44', 'motor-elf-300582df5c00750f.jpg', 'image', '', '', '', '', '39', '1', '2016-11-17 18:24:00', null, '2016-12-07 16:29:03', '2016-12-07 16:29:03'), ('45', 'interio-b-elf300582df5e223044.jpg', 'image', '', '', '', '', '35', '19', '2016-11-17 18:24:34', null, '2016-12-07 16:30:54', '2016-12-07 16:30:54'), ('46', 'interior-elf300582df5e300fc4.jpg', 'image', '', '', '', '', '2', '19', '2016-11-17 18:24:35', null, '2016-11-17 18:24:53', '2016-11-17 18:24:53'), ('47', 'motor-elf-300582df5e33c289.jpg', 'image', '', '', '', '', '36', '19', '2016-11-17 18:24:35', null, '2016-12-07 16:30:56', '2016-12-07 16:30:56'), ('48', 'galeria-1-elf400582df70a12014.jpg', 'image', '', '', '', '', '34', '20', '2016-11-17 18:29:30', null, '2016-12-08 23:05:50', '2016-12-08 23:05:50'), ('49', 'interior-elf300582df70a91ed9.jpg', 'image', '', '', '', '', '15', '20', '2016-11-17 18:29:30', null, '2016-12-07 16:31:27', '2016-12-07 16:31:27'), ('50', 'motor-elf-3005837613e59a2b.jpg', 'image', '', '', '', '', '53', '4', '2016-11-24 21:53:02', null, '2016-12-12 23:51:47', '2016-12-12 23:51:47'), ('51', 'motor-elf-30058376158b2194.jpg', 'image', '', '', '', '', '52', '4', '2016-11-24 21:53:28', null, '2016-12-12 23:51:47', '2016-12-12 23:51:47'), ('52', '14925591-1462200280459972-1705476003269973952-n583761ae197bf.jpg', 'image', '', '', '', '', '27', '6', '2016-11-24 21:54:54', null, '2016-12-07 16:48:42', '2016-12-07 16:48:42'), ('53', '14956470-1463229373690396-4263943367670938931-n583761aedcca9.png', 'image', '', '', '', '', '30', '6', '2016-11-24 21:54:54', null, '2016-12-07 16:49:11', '2016-12-07 16:49:11'), ('54', '14650135-1442397359106931-3909005779951369077-n583761e74078a.jpg', 'image', '', '', '', '', '27', '6', '2016-11-24 21:55:51', null, '2016-12-07 16:49:07', '2016-12-07 16:49:07'), ('55', 'city-q-c-1500-522-5583779d17fb13.jpg', 'image', '', '', '', '', '22', '3', '2016-11-24 23:37:53', null, '2016-11-24 23:46:20', '2016-11-24 23:46:20'), ('56', 'slider-camion582bb41baf665583779d28cde2.png', 'image', 'Listos para trabajar', '', '', '', '4', '3', '2016-11-24 23:37:54', null, '2017-01-05 23:54:15', '2017-01-05 23:54:15'), ('57', 'elf-100-frontal58377bf207a1c.png', 'image', '', '', '', '', '2', '3', '2016-11-24 23:46:58', null, '2016-11-24 23:47:43', '2016-11-24 23:47:43'), ('58', 'pruebaelf-200-frontal5837802f201e0.png', 'image', 'El camión que trabaja por ti', '', '', '', '3', '3', '2016-11-25 00:05:03', null, '2016-12-07 16:23:49', '2016-12-07 16:23:49'), ('59', 'galeria-2-elf50058387a8e36944.jpg', 'image', '', '', '', '', '37', '21', '2016-11-25 17:53:18', null, '2016-12-08 23:06:53', '2016-12-08 23:06:53'), ('60', 'interio-b-elf30058387a8ebdd49.jpg', 'image', '', '', '', '', '25', '21', '2016-11-25 17:53:18', null, '2016-12-07 16:33:04', '2016-12-07 16:33:04'), ('61', 'interior-elf30058387a8f6b8fd.jpg', 'image', '', '', '', '', '26', '21', '2016-11-25 17:53:19', null, '2016-12-07 16:32:46', '2016-12-07 16:32:46'), ('62', 'galeria-demo-elf10058387d5c9b8eb.jpg', 'image', '', '', '', '', '48', '23', '2016-11-25 18:05:16', null, '2016-12-08 23:11:31', '2016-12-08 23:11:31'), ('63', 'interio-b-elf30058387d5d32155.jpg', 'image', '', '', '', '', '16', '23', '2016-11-25 18:05:17', null, '2016-12-07 16:34:43', '2016-12-07 16:34:43'), ('64', 'interior-elf30058387d5db89a7.jpg', 'image', '', '', '', '', '15', '23', '2016-11-25 18:05:17', null, '2016-12-07 16:34:46', '2016-12-07 16:34:46'), ('65', 'galeria-2-frw80058387d88c2fde.jpg', 'image', '', '', '', '', '44', '24', '2016-11-25 18:06:00', null, '2016-12-08 23:10:50', '2016-12-08 23:10:50'), ('66', 'interio-b-elf30058387d8950bb8.jpg', 'image', '', '', '', '', '17', '24', '2016-11-25 18:06:01', null, '2016-12-07 16:34:04', '2016-12-07 16:34:04'), ('67', 'interior-elf30058387d89ca8e8.jpg', 'image', '', '', '', '', '14', '24', '2016-11-25 18:06:01', null, '2016-12-07 16:34:00', '2016-12-07 16:34:00'), ('68', 'galeria-1-elf60058387dc83382b.jpg', 'image', '', '', '', '', '40', '22', '2016-11-25 18:07:04', null, '2016-12-08 23:08:04', '2016-12-08 23:08:04'), ('69', 'interio-b-elf30058387dc8c7b7f.jpg', 'image', '', '', '', '', '18', '22', '2016-11-25 18:07:04', null, '2016-12-07 16:33:38', '2016-12-07 16:33:38'), ('70', 'interior-elf30058387dc94f57d.jpg', 'image', '', '', '', '', '14', '22', '2016-11-25 18:07:05', null, '2016-12-07 16:33:35', '2016-12-07 16:33:35'), ('71', 'galeria-1-elf50058387dfdf0d4b.jpg', 'image', '', '', '', '', '25', '21', '2016-11-25 18:07:57', null, '2016-12-07 16:32:36', '2016-12-07 16:32:36'), ('72', 'interio-b-elf30058387dfe7fc96.jpg', 'image', '', '', '', '', '20', '21', '2016-11-25 18:07:58', null, '2016-12-07 16:32:39', '2016-12-07 16:32:39'), ('73', 'interior-elf30058387dff07aa7.jpg', 'image', '', '', '', '', '15', '21', '2016-11-25 18:07:59', null, '2016-12-07 16:32:51', '2016-12-07 16:32:51'), ('74', 'ejemplo-promo-258387f9b5b2bb.jpg', 'image', '', '', 'http://isuzu.desarrollosmasclicks.com/cotizaciones/cotizacion', '', '21', '2', '2016-11-25 18:14:51', null, '2016-12-07 16:47:13', '2016-12-07 16:47:13'), ('75', 'prueba-promociones58387f9b92563.jpg', 'image', '', '', 'http://isuzu.desarrollosmasclicks.com/cotizaciones/financiamiento', '', '16', '2', '2016-11-25 18:14:51', null, '2016-12-07 16:47:10', '2016-12-07 16:47:10'), ('76', 'a4fb18ccd28985583ddcca4a88a.jpg', 'image', 'Yoshinori Ida Presidente del Consejo y Director Representativo', '', '', '', '86', '8', '2016-11-29 19:53:46', null, '2017-02-09 17:00:08', '2017-02-09 17:00:08'), ('77', 'a4fb18cd41d7bc583ddccb1b29d.jpg', 'image', 'Susumu Hosoi Presidente y Director Representativo', '', '', '', '89', '8', '2016-11-29 19:53:47', null, '2017-02-09 17:00:12', '2017-02-09 17:00:12'), ('78', 'camiones5846036ad628e.png', 'image', '', '', '', '', '2', '3', '2016-12-06 00:16:42', null, '2016-12-06 00:18:04', '2016-12-06 00:18:04'), ('79', 'descripcion-general584603c7a0385.png', 'image', '', '', '', '', '2', '3', '2016-12-06 00:18:15', null, '2016-12-06 00:18:35', '2016-12-06 00:18:35'), ('80', 'financecamion584603f389077.png', 'image', '', '', '', '', '2', '3', '2016-12-06 00:18:59', null, '2016-12-06 00:19:17', '2016-12-06 00:19:17'), ('81', 'galeria-1-elf200584838f5ecfd2.jpg', 'image', '', '', '', '', '15', '1', '2016-12-07 16:29:41', null, '2016-12-07 22:54:42', '2016-12-07 22:54:42'), ('82', 'galeria-1-elf2005848392b53d94.jpg', 'image', '', '', '', '', '15', '16', '2016-12-07 16:30:35', null, '2016-12-08 23:03:45', '2016-12-08 23:03:45'), ('83', 'galeria-1-elf300-copia5848395056905.jpg', 'image', '', '', '', '', '7', '19', '2016-12-07 16:31:12', null, '2016-12-08 23:05:17', '2016-12-08 23:05:17'), ('84', 'galeria-1-elf4005848396a64540.jpg', 'image', '', '', '', '', '31', '20', '2016-12-07 16:31:38', null, '2016-12-08 23:05:50', '2016-12-08 23:05:50'), ('85', 'galeria-1-elf500584839cc7edbc.jpg', 'image', '', '', '', '', '30', '21', '2016-12-07 16:33:16', null, '2016-12-08 23:06:53', '2016-12-08 23:06:53'), ('86', 'galeria-1-elf600584839ee0d607.jpg', 'image', '', '', '', '', '35', '22', '2016-12-07 16:33:50', null, '2016-12-08 23:08:04', '2016-12-08 23:08:04'), ('87', 'galeria-2-frw80058483a0cc19d6.jpg', 'image', '', '', '', '', '40', '24', '2016-12-07 16:34:20', null, '2016-12-08 23:10:50', '2016-12-08 23:10:50'), ('88', 'galeria-demo-elf10058483a377e78b.jpg', 'image', '', '', '', '', '45', '23', '2016-12-07 16:35:03', null, '2016-12-08 23:11:31', '2016-12-08 23:11:31'), ('89', 'promocion58225f4e1f13058483d1c93994.jpg', 'image', '', '', '', '', '1', '2', '2016-12-07 16:47:24', null, '2016-12-12 22:49:25', '2016-12-12 22:49:25'), ('90', 'promocion58225f4e1f13058483d73c8b55.jpg', 'image', '', '', '', '', '51', '6', '2016-12-07 16:48:51', null, '2016-12-12 23:50:53', '2016-12-12 23:50:53'), ('91', 'promocion58225f4e1f13058483d816c153.jpg', 'image', '', '', '', '', '47', '6', '2016-12-07 16:49:05', null, '2016-12-12 23:47:32', '2016-12-12 23:47:32'), ('92', 'interio-b-elf30058488d6b0798b.jpg', 'image', '', '', '', '', '4', '1', '2016-12-07 22:30:03', null, '2016-12-07 22:54:39', '2016-12-07 22:54:39'), ('93', 'interior-elf30058488d6bc4121.jpg', 'image', 'Hola Pachuca', 'Hola', '', '', '1', '1', '2016-12-07 22:30:03', null, '2016-12-07 22:47:21', '2016-12-07 22:47:21'), ('94', 'motor-elf-300584891a486b29.jpg', 'image', '', '', '', '', '1', '1', '2016-12-07 22:48:04', null, '2016-12-07 22:54:29', '2016-12-07 22:54:29'), ('95', 'sports-q-g-800-500-85848935d2a07b.jpg', 'image', '', '', '', '', '3', '1', '2016-12-07 22:55:25', null, '2016-12-07 23:08:13', '2016-12-07 23:08:13'), ('96', 'sports-q-g-800-500-85848935dc06dd.jpg', 'image', '', '', '', '', '1', '1', '2016-12-07 22:55:25', null, '2016-12-07 23:08:05', '2016-12-07 23:08:05'), ('97', 'nightlife-q-c-1200-500-45848968282824.jpg', 'image', '', '', '', '', '2', '1', '2016-12-07 23:08:50', null, '2016-12-07 23:10:56', '2016-12-07 23:10:56'), ('98', 'nightlife-q-c-1200-500-458489683a7219.jpg', 'image', '', '', '', '', '2', '1', '2016-12-07 23:08:51', null, '2016-12-07 23:11:01', '2016-12-07 23:11:01'), ('99', 'nature-q-c-1200-300-2584897135e448.jpg', 'image', '', '', '', '', '2', '1', '2016-12-07 23:11:15', null, '2016-12-07 23:12:27', '2016-12-07 23:12:27'), ('100', 'nature-q-c-1200-300-258489713f0c1d.jpg', 'image', '', '', '', '', '2', '1', '2016-12-07 23:11:15', null, '2016-12-07 23:12:35', '2016-12-07 23:12:35'), ('101', 'food-q-c-1200-400-25848977188d4f.jpg', 'image', '', '', '', '', '2', '1', '2016-12-07 23:12:49', null, '2016-12-07 23:14:52', '2016-12-07 23:14:52'), ('102', 'food-q-c-1200-400-2584897722c0e7.jpg', 'image', '', '', '', '', '2', '1', '2016-12-07 23:12:50', null, '2016-12-07 23:14:56', '2016-12-07 23:14:56'), ('103', '1200x500584897ffa2573.jpg', 'image', '', '', '', '', '7', '1', '2016-12-07 23:15:11', null, '2016-12-08 22:56:48', '2016-12-08 22:56:48'), ('104', '1200x500584898005feef.jpg', 'image', '', '', '', '', '3', '1', '2016-12-07 23:15:12', null, '2016-12-08 22:56:43', '2016-12-08 22:56:43'), ('105', 'isuzu-slide-25848b57bba7f5.jpg', 'image', '', '', '', '', '2', '3', '2016-12-08 01:20:59', null, '2016-12-08 23:59:58', '2016-12-08 23:59:58'), ('106', 'isuzu-100-slider5848b57dd45ee.png', 'image', '', '', '', '', '8', '3', '2016-12-08 01:21:01', null, '2016-12-08 18:10:39', '2016-12-08 18:10:39'), ('107', 'isuzu-100-slider-prueba5849a2c3f085d.png', 'image', '', '', '', '', '3', '3', '2016-12-08 18:13:23', null, '2016-12-08 18:19:30', '2016-12-08 18:19:30'), ('108', 'isuzu-100-slider-prueba25849a37709000.png', 'image', 'Compartimos tu carga.', '', '', '', '5', '3', '2016-12-08 18:16:23', null, '2016-12-09 00:55:28', '2016-12-09 00:55:28'), ('109', 'elf100-chasis-lateral5849e54f9c985.jpg', 'image', 'ELF 100', 'El más grande de su clase.', '', '', '4', '1', '2016-12-08 22:57:19', null, '2016-12-08 23:02:47', '2016-12-08 23:02:47'), ('110', 'elf100-frente5849e5508341a.jpg', 'image', 'ELF 100', 'El más grande de su clase.', '', '', '2', '1', '2016-12-08 22:57:20', null, '2016-12-08 23:02:47', '2016-12-08 23:02:47'), ('111', 'elf-100-3-4s-normal-caja-inv5849e550d3090.jpg', 'image', 'ELF 100', 'El más grande de su clase.', '', '', '5', '1', '2016-12-08 22:57:20', null, '2016-12-08 23:02:47', '2016-12-08 23:02:47'), ('112', 'elf-100-3-4s-picado-caja5849e551560c1.jpg', 'image', 'ELF 100', 'El más grande de su clase.', '', '', '6', '1', '2016-12-08 22:57:21', null, '2016-12-08 23:02:47', '2016-12-08 23:02:47'), ('113', 'elf-100-7-8s-chasis-normal5849e551e70fd.jpg', 'image', 'ELF 100', 'El más grande de su clase.', '', '', '3', '1', '2016-12-08 22:57:21', null, '2016-12-08 23:02:47', '2016-12-08 23:02:47'), ('114', 'elf-100-7-8s-chasis-normal-inv5849e5524b8dc.jpg', 'image', 'ELF 100', 'El más grande de su clase.', '', '', '1', '1', '2016-12-08 22:57:22', null, '2016-12-08 23:02:47', '2016-12-08 23:02:47'), ('115', 'elf100-chasis-lateral5849e6abc6bda.jpg', 'image', '', '', '', '', '51', '1', '2016-12-08 23:03:07', null, '2017-01-05 23:59:02', '2017-01-05 23:59:02'), ('116', 'elf100-frente5849e6ac46910.jpg', 'image', '', '', '', '', '46', '1', '2016-12-08 23:03:08', null, '2017-01-05 23:59:02', '2017-01-05 23:59:02'), ('117', 'elf-100-3-4s-normal-caja-inv5849e6acd5a1a.jpg', 'image', '', '', '', '', '52', '1', '2016-12-08 23:03:08', null, '2017-01-05 23:59:02', '2017-01-05 23:59:02'), ('118', 'elf-100-3-4s-picado-caja5849e6ada2473.jpg', 'image', '', '', '', '', '53', '1', '2016-12-08 23:03:09', null, '2017-01-05 23:59:02', '2017-01-05 23:59:02'), ('119', 'elf-100-7-8s-chasis-normal5849e6adef444.jpg', 'image', '', '', '', '', '49', '1', '2016-12-08 23:03:10', null, '2017-01-05 23:59:02', '2017-01-05 23:59:02'), ('120', 'elf-100-7-8s-chasis-normal-inv5849e6ae89759.jpg', 'image', '', '', '', '', '38', '1', '2016-12-08 23:03:10', null, '2017-01-05 23:59:02', '2017-01-05 23:59:02'), ('121', 'elf200-7-8s-chasis-normal5849e6dfa77f2.jpg', 'image', '', '', '', '', '47', '16', '2016-12-08 23:03:59', null, '2017-01-05 23:59:27', '2017-01-05 23:59:27'), ('122', 'elf200-7-8s-chasis-normal-inv5849e6e043266.jpg', 'image', '', '', '', '', '34', '16', '2016-12-08 23:04:00', null, '2017-01-05 23:59:27', '2017-01-05 23:59:27'), ('123', 'elf200-caja-3-4-normal5849e6e108ce0.jpg', 'image', '', '', '', '', '49', '16', '2016-12-08 23:04:01', null, '2017-01-05 23:59:27', '2017-01-05 23:59:27'), ('124', 'elf200-caja-3-4-normal-invert5849e6e17b4de.jpg', 'image', '', '', '', '', '48', '16', '2016-12-08 23:04:01', null, '2017-01-05 23:59:27', '2017-01-05 23:59:27'), ('125', 'elf200-chasis-frontal5849e6e20c777.jpg', 'image', '', '', '', '', '44', '16', '2016-12-08 23:04:02', null, '2017-01-05 23:59:27', '2017-01-05 23:59:27'), ('126', 'elf200-chasis-ligero-lateral5849e6e2bac84.jpg', 'image', '', '', '', '', '50', '16', '2016-12-08 23:04:02', null, '2017-01-05 23:59:27', '2017-01-05 23:59:27'), ('127', 'elf300-7-8s-chasis-picado-inv5849e71703ae4.jpg', 'image', '', '', '', '', '34', '19', '2016-12-08 23:04:55', null, '2017-01-06 00:00:13', '2017-01-06 00:00:13'), ('128', 'elf300-caja-3-4-normal-invert5849e7177cc6c.jpg', 'image', '', '', '', '', '49', '19', '2016-12-08 23:04:55', null, '2017-01-06 00:00:13', '2017-01-06 00:00:13'), ('129', 'elf300-caja-3-4-normal-tumbaburros5849e7182426e.jpg', 'image', '', '', '', '', '50', '19', '2016-12-08 23:04:56', null, '2017-01-06 00:00:13', '2017-01-06 00:00:13'), ('130', 'elf300-chasis-3-4s-normal5849e7189e38b.jpg', 'image', '', '', '', '', '44', '19', '2016-12-08 23:04:56', null, '2017-01-06 00:00:13', '2017-01-06 00:00:13'), ('131', 'elf300-chasis-frontal5849e71940cc8.jpg', 'image', '', '', '', '', '43', '19', '2016-12-08 23:04:57', null, '2017-01-06 00:00:13', '2017-01-06 00:00:13'), ('132', 'elf300-chasis-ligero-lateral5849e719956ea.jpg', 'image', '', '', '', '', '47', '19', '2016-12-08 23:04:57', null, '2017-01-06 00:00:13', '2017-01-06 00:00:13'), ('133', 'elf500-caja-frontal-tumbaburros5849e76c480a7.jpg', 'image', '', '', '', '', '43', '20', '2016-12-08 23:06:20', null, '2017-01-06 00:00:54', '2017-01-06 00:00:54'), ('134', 'elf500-caja-ligero-lateral5849e76ccba20.jpg', 'image', '', '', '', '', '36', '20', '2016-12-08 23:06:20', null, '2017-01-06 00:00:54', '2017-01-06 00:00:54'), ('135', 'elf500-chasis-3-4s-normal5849e76d63234.jpg', 'image', '', '', '', '', '49', '20', '2016-12-08 23:06:21', null, '2017-01-06 00:00:54', '2017-01-06 00:00:54'), ('136', 'elf500-chasis-3-4s-normal-inv5849e76e036fb.jpg', 'image', '', '', '', '', '46', '20', '2016-12-08 23:06:22', null, '2017-01-06 00:00:54', '2017-01-06 00:00:54'), ('137', 'elf500-chasis-frontal5849e76e83080.jpg', 'image', '', '', '', '', '48', '20', '2016-12-08 23:06:22', null, '2017-01-06 00:00:54', '2017-01-06 00:00:54'), ('138', 'elf500-chasis-ligero-lateral5849e76eca2b5.jpg', 'image', '', '', '', '', '50', '20', '2016-12-08 23:06:22', null, '2017-01-06 00:00:54', '2017-01-06 00:00:54'), ('139', 'elf500-caja-frontal-tumbaburros5849e7978ddb5.jpg', 'image', '', '', '', '', '85', '21', '2016-12-08 23:07:03', null, '2017-04-12 22:42:27', null), ('140', 'elf500-caja-ligero-lateral5849e7981c184.jpg', 'image', '', '', '', '', '80', '21', '2016-12-08 23:07:04', null, '2017-04-12 22:42:27', null), ('141', 'elf500-chasis-3-4s-normal5849e798a02cf.jpg', 'image', '', '', '', '', '86', '21', '2016-12-08 23:07:04', null, '2017-04-12 22:42:27', null), ('142', 'elf500-chasis-3-4s-normal-inv5849e799267ad.jpg', 'image', '', '', '', '', '84', '21', '2016-12-08 23:07:05', null, '2017-04-12 22:42:27', null), ('143', 'elf500-chasis-frontal5849e799a02bf.jpg', 'image', '', '', '', '', '82', '21', '2016-12-08 23:07:05', null, '2017-04-12 22:42:27', null), ('144', 'elf500-chasis-ligero-lateral5849e79a1e0a7.jpg', 'image', '', '', '', '', '83', '21', '2016-12-08 23:07:06', null, '2017-04-12 22:42:27', null), ('145', 'elf500-caja-frontal-tumbaburros5849e84f54731.jpg', 'image', '', '', '', '', '36', '22', '2016-12-08 23:10:07', null, '2017-01-06 00:01:44', '2017-01-06 00:01:44'), ('146', 'elf500-caja-ligero-lateral5849e84fca5de.jpg', 'image', '', '', '', '', '40', '22', '2016-12-08 23:10:07', null, '2017-01-06 00:01:44', '2017-01-06 00:01:44'), ('147', 'elf500-chasis-3-4s-normal5849e85051847.jpg', 'image', '', '', '', '', '46', '22', '2016-12-08 23:10:08', null, '2017-01-06 00:01:44', '2017-01-06 00:01:44'), ('148', 'elf500-chasis-3-4s-normal-inv5849e850cc516.jpg', 'image', '', '', '', '', '43', '22', '2016-12-08 23:10:08', null, '2017-01-06 00:01:44', '2017-01-06 00:01:44'), ('149', 'elf500-chasis-frontal5849e851575ff.jpg', 'image', '', '', '', '', '44', '22', '2016-12-08 23:10:09', null, '2017-01-06 00:01:44', '2017-01-06 00:01:44'), ('150', 'elf500-chasis-ligero-lateral5849e851d6923.jpg', 'image', '', '', '', '', '41', '22', '2016-12-08 23:10:09', null, '2017-01-06 00:01:44', '2017-01-06 00:01:44'), ('151', 'forward-1100-7-8-chasis-picado-inv5849e88ac9dc0.jpg', 'image', '', '', '', '', '44', '24', '2016-12-08 23:11:06', null, '2017-01-06 00:02:54', '2017-01-06 00:02:54'), ('152', 'forward-1100-7-8-chasis-picado-ok5849e88b68b11.jpg', 'image', '', '', '', '', '47', '24', '2016-12-08 23:11:07', null, '2017-01-06 00:02:54', '2017-01-06 00:02:54'), ('153', 'forward-1100-chasis-lateral-ok5849e88bbb741.jpg', 'image', '', '', '', '', '45', '24', '2016-12-08 23:11:07', null, '2017-01-06 00:02:54', '2017-01-06 00:02:54'), ('154', 'forward-800-caja-3-4s-normal-ok5849e8b42644a.jpg', 'image', '', '', '', '', '1', '23', '2016-12-08 23:11:48', null, '2016-12-08 23:37:26', '2016-12-08 23:37:26'), ('155', 'forward-800-caja-7-8-normal-ok5849e8b4a864b.jpg', 'image', '', '', '', '', '38', '23', '2016-12-08 23:11:48', null, '2017-01-06 00:02:28', '2017-01-06 00:02:28'), ('156', 'forward-800-caja-lateral-ok5849e8b52fca4.jpg', 'image', '', '', '', '', '41', '23', '2016-12-08 23:11:49', null, '2017-01-06 00:02:28', '2017-01-06 00:02:28'), ('157', 'elf-200-frontal5849ef3f9bc8e.png', 'image', '', '', '', '', '10', '3', '2016-12-08 23:39:43', null, '2016-12-08 23:52:20', '2016-12-08 23:52:20'), ('158', 'elf-200-frontal-prueba5849efb252241.png', 'image', '', '', '', '', '4', '3', '2016-12-08 23:41:38', null, '2016-12-08 23:52:16', '2016-12-08 23:52:16'), ('159', 'forward-800-caja-3-4s-normal-ok5849f06301ff5.jpg', 'image', '', '', '', '', '40', '23', '2016-12-08 23:44:35', null, '2017-01-06 00:02:28', '2017-01-06 00:02:28'), ('160', 'elf-200-frontal-prueba25849f23dd1bad.png', 'image', 'El #1 en su clase.', '', '', '', '5', '3', '2016-12-08 23:52:29', null, '2016-12-09 00:55:16', '2016-12-09 00:55:16'), ('161', 'camiones-fondo5849f3f6e8c62.jpg', 'image', '', '', '', '', '3', '3', '2016-12-08 23:59:50', null, '2016-12-09 00:52:12', '2016-12-09 00:52:12'), ('162', 'slider-home584a00368ee0e.jpg', 'image', '', '', '', '', '4', '3', '2016-12-09 00:52:06', null, '2017-01-05 23:54:11', '2017-01-05 23:54:11'), ('163', 'elf-200-frontal584a00714251e.png', 'image', 'El #1 en su clase', '', '', '', '4', '3', '2016-12-09 00:53:05', null, '2016-12-19 22:21:50', '2016-12-19 22:21:50'), ('164', 'elf-200-frontal-prueba3584ae83363fc6.png', 'image', 'Compartimos tu carga.', '', '', '', '5', '3', '2016-12-09 17:21:55', null, '2016-12-09 17:26:08', '2016-12-09 17:26:08'), ('165', 'elf-200-frontal-prueba4584ae8bed3d28.png', 'image', '', '', '', '', '3', '3', '2016-12-09 17:24:14', null, '2016-12-09 17:25:59', '2016-12-09 17:25:59'), ('166', 'elf-200-frontal-prueba584ae8f1d3656.png', 'image', '', '', '', '', '3', '3', '2016-12-09 17:25:05', null, '2016-12-09 17:26:03', '2016-12-09 17:26:03'), ('167', 'promociones584f298592f57.jpg', 'image', '', '', '', '', '2', '2', '2016-12-12 22:49:41', null, '2016-12-12 22:51:17', '2016-12-12 22:51:17'), ('168', 'promociones584f298610969.jpg', 'image', '', '', '', '', '1', '2', '2016-12-12 22:49:42', null, '2016-12-12 22:51:17', '2016-12-12 22:51:17'), ('169', 'promociones-preba1584f29f3b6b7d.jpg', 'image', '', '', '', '', '2', '2', '2016-12-12 22:51:31', null, '2016-12-12 23:35:56', '2016-12-12 23:35:56'), ('170', 'promociones-preba1584f29f439bc2.jpg', 'image', '', '', '', '', '1', '2', '2016-12-12 22:51:32', null, '2016-12-12 23:35:56', '2016-12-12 23:35:56'), ('171', 'promociones-preba2584f346aabaf0.png', 'image', '', '', '', '', '7', '2', '2016-12-12 23:36:10', null, '2016-12-13 00:43:41', '2016-12-13 00:43:41'), ('172', 'promociones-preba2584f346b89c23.png', 'image', '', '', '', '', '5', '2', '2016-12-12 23:36:11', null, '2016-12-13 00:43:41', '2016-12-13 00:43:41'), ('173', 'promo1584f370c76eec.jpg', 'image', '', '', '', '', '5', '6', '2016-12-12 23:47:24', null, '2016-12-12 23:58:08', '2016-12-12 23:58:08'), ('174', 'promo1584f37e6ca8f1.jpg', 'image', '', '', '', '', '81', '6', '2016-12-12 23:51:02', null, '2017-04-12 22:42:27', null), ('175', 'promo2584f38210b1c7.png', 'image', '', '', '', '', '2', '4', '2016-12-12 23:52:01', null, '2016-12-12 23:56:03', '2016-12-12 23:56:03'), ('176', 'promo3584f382186654.jpg', 'image', '', '', '', '', '1', '4', '2016-12-12 23:52:01', null, '2016-12-12 23:56:03', '2016-12-12 23:56:03'), ('177', 'promo3584f3927883ff.jpg', 'image', '', '', '', '', '50', '4', '2016-12-12 23:56:23', null, '2017-01-06 00:04:22', '2017-01-06 00:04:22'), ('178', 'promo2584f39280daf1.jpg', 'image', '', '', '', '', '53', '4', '2016-12-12 23:56:24', null, '2017-01-06 00:04:22', '2017-01-06 00:04:22'), ('179', 'promo5584f399c38382.jpg', 'image', '', '', '', '', '79', '6', '2016-12-12 23:58:20', null, '2017-04-12 22:42:27', null), ('180', 'promocionprueba1000584f444a640aa.jpg', 'image', '', '', '', '', '2', '2', '2016-12-13 00:43:54', null, '2016-12-13 00:45:10', '2016-12-13 00:45:10'), ('181', 'promocionprueba1000584f444bb3a18.jpg', 'image', '', '', '', '', '1', '2', '2016-12-13 00:43:55', null, '2016-12-13 00:45:10', '2016-12-13 00:45:10'), ('182', 'promocionprueba1000584f44f391622.jpg', 'image', '', '', 'http://isuzu.desarrollosmasclicks.com/camiones/elf-300', '', '47', '2', '2016-12-13 00:46:43', null, '2017-01-06 00:03:37', '2017-01-06 00:03:37'), ('183', 'promocionprueba1000584f44f4b38f6.jpg', 'image', '', '', 'http://isuzu.desarrollosmasclicks.com/camiones/elf-300', '', '44', '2', '2016-12-13 00:46:44', null, '2017-01-06 00:03:37', '2017-01-06 00:03:37'), ('184', 'prueba15851bee8cdf02.jpg', 'image', '', '', '', '', '9', '4', '2016-12-14 21:51:36', null, '2016-12-22 19:17:01', '2016-12-22 19:17:01'), ('185', 'prueba25851bf598d4e3.jpg', 'image', '', '', '', '', '7', '4', '2016-12-14 21:53:29', null, '2016-12-22 19:16:56', '2016-12-22 19:16:56'), ('186', 'prueba35851bf83af65d.jpg', 'image', '', '', '', '', '3', '4', '2016-12-14 21:54:11', null, '2016-12-22 19:16:50', '2016-12-22 19:16:50'), ('187', 'bateria5852e3a107b5b.jpg', 'image', '', '', '', '', '1', '7', '2016-12-15 18:40:33', null, '2016-12-19 22:13:27', '2016-12-19 22:13:27'), ('188', 'bateria158585b921f81c.jpg', 'image', '', '', '', '', '78', '7', '2016-12-19 22:13:38', null, '2017-04-12 22:42:27', null), ('189', 'bateria158585bb925c59.jpg', 'image', '', '', '', '', '76', '7', '2016-12-19 22:14:17', null, '2017-04-12 22:42:27', null), ('190', 'bateria1-158585bb9726c2.jpg', 'image', '', '', '', '', '73', '7', '2016-12-19 22:14:17', null, '2017-04-12 22:42:27', null), ('191', 'slider258585d708c7c9.png', 'image', 'El #1 en su clase.', '', '', '', '4', '3', '2016-12-19 22:21:36', null, '2016-12-19 22:30:28', '2016-12-19 22:30:28'), ('192', 'slider258585dff7d5b3.png', 'image', '', '', '', '', '2', '3', '2016-12-19 22:23:59', null, '2016-12-19 22:30:23', '2016-12-19 22:30:23'), ('193', 'slider-camion582bb41baf66558585fb1b67e5.png', 'image', 'La libertad del Confort', '', '', '', '11', '3', '2016-12-19 22:31:13', null, '2017-01-05 23:54:07', '2017-01-05 23:54:07'), ('194', 'slider-camion582bb41baf66558585fc05b269.png', 'image', 'El #1 en su clase', '', '', '', '8', '3', '2016-12-19 22:31:28', null, '2017-01-05 23:54:17', '2017-01-05 23:54:17'), ('195', 'isuzu-slide-2586aadefc1486.jpg', 'image', '', '', '', '', '2', '3', '2017-01-02 19:45:51', null, '2017-01-02 19:48:11', '2017-01-02 19:48:11'), ('196', 'slider-home586aadf0532b8.jpg', 'image', '', '', '', '', '3', '3', '2017-01-02 19:45:52', null, '2017-01-02 19:46:45', '2017-01-02 19:46:45'), ('197', 'prueba-650x380586c1de46c9b6.jpg', 'image', '', '', '', '', '1', '20', '2017-01-03 21:55:48', null, '2017-01-06 00:00:54', '2017-01-06 00:00:54'), ('198', 'slider-home586edc4481dca.jpg', 'image', '', '', '', '', '3', '3', '2017-01-05 23:52:36', null, '2017-01-05 23:53:05', '2017-01-05 23:53:05'), ('199', 'camion-slider586edc45314b9.png', 'image', '', '', '', '', '3', '3', '2017-01-05 23:52:37', null, '2017-01-05 23:52:59', '2017-01-05 23:52:59'), ('200', 'camion-slider586edc45d9036.png', 'image', '', '', '', '', '2', '3', '2017-01-05 23:52:37', null, '2017-01-05 23:52:54', '2017-01-05 23:52:54'), ('201', 'camion-slider586edc469fe25.png', 'image', '', '', '', '', '1', '3', '2017-01-05 23:52:38', null, '2017-01-05 23:52:49', '2017-01-05 23:52:49'), ('202', 'camion-slider586edc9823d3b.png', 'image', 'La libertad del confort', '', '', '', '7', '3', '2017-01-05 23:54:00', null, '2017-01-26 22:10:18', '2017-01-26 22:10:18'), ('203', 'camion-slider586edcb609626.png', 'image', 'El #1 en su clase', '', '', '', '5', '3', '2017-01-05 23:54:30', null, '2017-01-26 22:10:15', '2017-01-26 22:10:15'), ('204', 'slider-home586edcb6b737c.jpg', 'image', '', '', '', '', '1', '3', '2017-01-05 23:54:30', null, '2017-02-23 01:11:39', '2017-02-23 01:11:39'), ('205', 'camion-slider586edcb7725aa.png', 'image', 'Listos para trabajar', '', '/camiones/elf-100', '', '17', '3', '2017-01-05 23:54:31', '2017-02-23-01:07:48-background.jpg', '2017-04-12 22:42:27', null), ('206', 'elf100-1586eddcf3b143.jpg', 'image', '', '', '', '', '77', '1', '2017-01-05 23:59:11', null, '2017-04-12 22:42:27', null), ('207', 'elf100-2586eddcfbfa8c.jpg', 'image', '', '', '', '', '75', '1', '2017-01-05 23:59:11', null, '2017-04-12 22:42:27', null), ('208', 'elf100-3586eddd05821e.jpg', 'image', '', '', '', '', '74', '1', '2017-01-05 23:59:12', null, '2017-04-12 22:42:27', null), ('209', 'elf100-4586eddd0e05bd.jpg', 'image', '', '', '', '', '71', '1', '2017-01-05 23:59:12', null, '2017-04-12 22:42:27', null), ('210', 'elf100-5586eddd174eec.jpg', 'image', '', '', '', '', '68', '1', '2017-01-05 23:59:13', null, '2017-04-12 22:42:27', null), ('211', 'elf100-6586eddd208c6b.jpg', 'image', '', '', '', '', '58', '1', '2017-01-05 23:59:14', null, '2017-04-12 22:42:27', null), ('212', 'elf200-1586eddeee5a26.jpg', 'image', '', '', '', '', '72', '16', '2017-01-05 23:59:42', null, '2017-04-12 22:42:27', null), ('213', 'elf200-2586eddef78bda.jpg', 'image', '', '', '', '', '70', '16', '2017-01-05 23:59:43', null, '2017-04-12 22:42:27', null), ('214', 'elf200-3586eddf003ce0.jpg', 'image', '', '', '', '', '69', '16', '2017-01-05 23:59:44', null, '2017-04-12 22:42:27', null), ('215', 'elf200-4586eddf07bacb.jpg', 'image', '', '', '', '', '66', '16', '2017-01-05 23:59:44', null, '2017-04-12 22:42:27', null), ('216', 'elf200-5586eddf0f34c5.jpg', 'image', '', '', '', '', '62', '16', '2017-01-05 23:59:45', null, '2017-04-12 22:42:27', null), ('217', 'elf200-6586eddf17babb.jpg', 'image', '', '', '', '', '50', '16', '2017-01-05 23:59:45', null, '2017-04-12 22:42:27', null), ('218', 'elf300-1586ede14a6468.jpg', 'image', '', '', '', '', '67', '19', '2017-01-06 00:00:20', null, '2017-04-12 22:42:27', null), ('219', 'elf300-2586ede153a1e8.jpg', 'image', '', '', '', '', '65', '19', '2017-01-06 00:00:21', null, '2017-04-12 22:42:27', null), ('220', 'elf300-3586ede15bbc18.jpg', 'image', '', '', '', '', '64', '19', '2017-01-06 00:00:21', null, '2017-04-12 22:42:27', null), ('221', 'elf300-4586ede1658df9.jpg', 'image', '', '', '', '', '60', '19', '2017-01-06 00:00:22', null, '2017-04-12 22:42:27', null), ('222', 'elf300-5586ede16e05fc.jpg', 'image', '', '', '', '', '54', '19', '2017-01-06 00:00:22', null, '2017-04-12 22:42:27', null), ('223', 'elf300-6586ede17660e5.jpg', 'image', '', '', '', '', '40', '19', '2017-01-06 00:00:23', null, '2017-04-12 22:42:27', null), ('224', 'elf400-500-600-1586ede41a6dc2.jpg', 'image', '', '', '', '', '6', '20', '2017-01-06 00:01:05', null, '2017-01-06 00:01:19', '2017-01-06 00:01:19'), ('225', 'elf400-500-600-2586ede42393c6.jpg', 'image', '', '', '', '', '5', '20', '2017-01-06 00:01:06', null, '2017-01-06 00:01:19', '2017-01-06 00:01:19'), ('226', 'elf400-500-600-3586ede42bf069.jpg', 'image', '', '', '', '', '4', '20', '2017-01-06 00:01:06', null, '2017-01-06 00:01:19', '2017-01-06 00:01:19'), ('227', 'elf400-500-600-4586ede4352223.jpg', 'image', '', '', '', '', '3', '20', '2017-01-06 00:01:07', null, '2017-01-06 00:01:19', '2017-01-06 00:01:19'), ('228', 'elf400-500-600-5586ede43dec24.jpg', 'image', '', '', '', '', '2', '20', '2017-01-06 00:01:07', null, '2017-01-06 00:01:19', '2017-01-06 00:01:19'), ('229', 'elf400-500-600-6586ede4473d16.jpg', 'image', '', '', '', '', '1', '20', '2017-01-06 00:01:08', null, '2017-01-06 00:01:19', '2017-01-06 00:01:19'), ('230', 'elf400-500-600-1586ede57a60c4.jpg', 'image', '', '', '', '', '63', '20', '2017-01-06 00:01:27', null, '2017-04-12 22:42:27', null), ('231', 'elf400-500-600-2586ede583b5b2.jpg', 'image', '', '', '', '', '61', '20', '2017-01-06 00:01:28', null, '2017-04-12 22:42:27', null), ('232', 'elf400-500-600-3586ede5959239.jpg', 'image', '', '', '', '', '59', '20', '2017-01-06 00:01:29', null, '2017-04-12 22:42:27', null), ('233', 'elf400-500-600-4586ede5a18ed6.jpg', 'image', '', '', '', '', '56', '20', '2017-01-06 00:01:30', null, '2017-04-12 22:42:27', null), ('234', 'elf400-500-600-5586ede5a989c8.jpg', 'image', '', '', '', '', '52', '20', '2017-01-06 00:01:30', null, '2017-04-12 22:42:27', null), ('235', 'elf400-500-600-6586ede5b284e4.jpg', 'image', '', '', '', '', '46', '20', '2017-01-06 00:01:31', null, '2017-04-12 22:42:27', null), ('236', 'elf400-500-600-1586ede6f6ba58.jpg', 'image', '', '', '', '', '57', '22', '2017-01-06 00:01:51', null, '2017-04-12 22:42:27', null), ('237', 'elf400-500-600-2586ede70039bd.jpg', 'image', '', '', '', '', '55', '22', '2017-01-06 00:01:52', null, '2017-04-12 22:42:27', null), ('238', 'elf400-500-600-3586ede7091b32.jpg', 'image', '', '', '', '', '53', '22', '2017-01-06 00:01:52', null, '2017-04-12 22:42:27', null), ('239', 'elf400-500-600-4586ede712220b.jpg', 'image', '', '', '', '', '51', '22', '2017-01-06 00:01:53', null, '2017-04-12 22:42:27', null), ('240', 'elf400-500-600-5586ede71af7b1.jpg', 'image', '', '', '', '', '49', '22', '2017-01-06 00:01:53', null, '2017-04-12 22:42:27', null), ('241', 'elf400-500-600-6586ede7245c38.jpg', 'image', '', '', '', '', '43', '22', '2017-01-06 00:01:54', null, '2017-04-12 22:42:27', null), ('242', 'elf800-1586ede9f4695e.jpg', 'image', '', '', '', '', '29', '23', '2017-01-06 00:02:39', null, '2017-04-12 22:42:27', null), ('243', 'elf800-2586ede9fbfae7.jpg', 'image', '', '', '', '', '28', '23', '2017-01-06 00:02:39', null, '2017-04-12 22:42:27', null), ('244', 'elf800-3586edea0459b5.jpg', 'image', '', '', '', '', '26', '23', '2017-01-06 00:02:40', null, '2017-04-12 22:42:27', null), ('245', 'elf800-4586edea0bf6ec.jpg', 'image', '', '', '', '', '21', '23', '2017-01-06 00:02:40', null, '2017-04-12 22:42:27', null), ('246', 'elf800-5586edea1461c3.jpg', 'image', '', '', '', '', '11', '23', '2017-01-06 00:02:41', null, '2017-04-12 22:42:27', null), ('247', 'elf800-6586edea1be737.jpg', 'image', '', '', '', '', '7', '23', '2017-01-06 00:02:41', null, '2017-04-12 22:42:27', null), ('248', 'elf1100-1586edeb97a40c.jpg', 'image', '', '', '', '', '48', '24', '2017-01-06 00:03:05', null, '2017-04-12 22:42:27', null), ('249', 'elf1100-2586edeba1144d.jpg', 'image', '', '', '', '', '47', '24', '2017-01-06 00:03:06', null, '2017-04-12 22:42:27', null), ('250', 'elf1100-3586edeba98850.jpg', 'image', '', '', '', '', '45', '24', '2017-01-06 00:03:06', null, '2017-04-12 22:42:27', null), ('251', 'elf1100-4586edebb2e150.jpg', 'image', '', '', '', '', '44', '24', '2017-01-06 00:03:07', null, '2017-04-12 22:42:27', null), ('252', 'elf1100-5586edebba9219.jpg', 'image', '', '', '', '', '42', '24', '2017-01-06 00:03:07', null, '2017-04-12 22:42:27', null), ('253', 'elf1100-6586edebc3a088.jpg', 'image', '', '', '', '', '41', '24', '2017-01-06 00:03:08', null, '2017-04-12 22:42:27', null), ('254', 'promo-bono-demo586edee79241e.jpg', 'image', '', '', '', '', '16', '2', '2017-01-06 00:03:51', null, '2017-01-26 19:03:12', '2017-01-26 19:03:12'), ('255', 'promo-bono-demo586edee836756.jpg', 'image', '', '', '', '', '35', '2', '2017-01-06 00:03:52', null, '2017-04-12 22:42:27', null), ('256', 'ref1586edf0deea61.jpg', 'image', '', '', '', '', '8', '4', '2017-01-06 00:04:29', null, '2017-01-06 00:19:43', '2017-01-06 00:19:43'), ('257', 'ref2586edf0e954a9.jpg', 'image', '', '', '', '', '7', '4', '2017-01-06 00:04:30', null, '2017-01-06 00:19:43', '2017-01-06 00:19:43'), ('258', '800-300586ee17753939.jpg', 'image', '', '', '', '', '6', '4', '2017-01-06 00:14:47', null, '2017-01-06 00:19:43', '2017-01-06 00:19:43'), ('259', '800x800586ee1a348e2f.jpg', 'image', '', '', '', '', '5', '4', '2017-01-06 00:15:31', null, '2017-01-06 00:19:43', '2017-01-06 00:19:43'), ('260', 'nature-q-c-800-500-5586ee1da13a9e.jpg', 'image', '', '', '', '', '4', '4', '2017-01-06 00:16:26', null, '2017-01-06 00:19:43', '2017-01-06 00:19:43'), ('261', 'nature-q-c-800-600-10586ee21bd20ab.jpg', 'image', '', '', '', '', '3', '4', '2017-01-06 00:17:31', null, '2017-01-06 00:19:43', '2017-01-06 00:19:43'), ('262', 'nature-q-c-900-800-3586ee253062dd.jpg', 'image', '', '', '', '', '2', '4', '2017-01-06 00:18:27', null, '2017-01-06 00:19:43', '2017-01-06 00:19:43'), ('263', 'nature-q-c-900-700-8586ee27bbba59.jpg', 'image', '', '', '', '', '1', '4', '2017-01-06 00:19:07', null, '2017-01-06 00:19:43', '2017-01-06 00:19:43'), ('264', 'nature-q-c-1000-700-5586ee2aee67a3.jpg', 'image', '', '', '', '', '4', '4', '2017-01-06 00:19:58', null, '2017-01-06 00:36:04', '2017-01-06 00:36:04'), ('265', 'nature-q-c-1000-700-5586ee2af9db4c.jpg', 'image', '', '', '', '', '3', '4', '2017-01-06 00:19:59', null, '2017-01-06 00:36:04', '2017-01-06 00:36:04'), ('266', 'nature-q-c-1000-800-6586ee2e229403.jpg', 'image', '', '', '', '', '2', '4', '2017-01-06 00:20:50', null, '2017-01-06 00:36:04', '2017-01-06 00:36:04'), ('267', 'refacciones-1586ee65a4dd58.jpg', 'image', '', '', '', '', '1', '4', '2017-01-06 00:35:38', null, '2017-01-06 00:36:04', '2017-01-06 00:36:04'), ('268', 'refacciones-1586ee67b91984.jpg', 'image', '', '', '', '', '9', '4', '2017-01-06 00:36:11', null, '2017-01-18 22:41:46', '2017-01-18 22:41:46'), ('269', 'refacciones-1586ee69ae72f1.jpg', 'image', '', '', '', '', '7', '4', '2017-01-06 00:36:42', null, '2017-01-18 22:41:42', '2017-01-18 22:41:42'), ('270', 'promo-bono-demo586ee709141e6.jpg', 'image', '', '', '', '', '1', '6', '2017-01-06 00:38:33', null, '2017-01-06 00:38:33', null), ('271', 'demo-400-300587fe7ca8b314.jpg', 'image', '', '', '', '', '5', '4', '2017-01-18 22:10:18', null, '2017-01-18 22:14:31', '2017-01-18 22:14:31'), ('272', 'demo-700x750587fe828ed77a.jpg', 'image', '', '', '', '', '2', '4', '2017-01-18 22:11:52', null, '2017-01-18 22:14:28', '2017-01-18 22:14:28'), ('273', 'filtros-originales587fe85ba5390.jpg', 'image', '', '', '', '', '2', '4', '2017-01-18 22:12:43', null, '2017-01-18 22:14:41', '2017-01-18 22:14:41'), ('274', 'filtros-originales587fef11695ef.jpg', 'image', '', '', '', '', '15', '4', '2017-01-18 22:41:21', null, '2017-01-27 22:38:00', '2017-01-27 22:38:00'), ('275', 'filtros-originales587fef212e0ed.jpg', 'image', '', '', '', '', '16', '4', '2017-01-18 22:41:37', null, '2017-01-27 22:41:28', '2017-01-27 22:41:28'), ('276', 'elf600-bus-frontal5887cf7626cc5.jpg', 'image', '', '', '', '', '39', '26', '2017-01-24 22:04:38', null, '2017-04-12 22:42:27', null), ('277', 'elf600-bus-lateral5887cf76a0632.jpg', 'image', '', '', '', '', '38', '26', '2017-01-24 22:04:38', null, '2017-04-12 22:42:27', null), ('278', 'elf600-bus-normal5887cf7738632.jpg', 'image', '', '', '', '', '37', '26', '2017-01-24 22:04:39', null, '2017-04-12 22:42:27', null), ('279', 'pdf588949e2dc7b7.png', 'image', '', '', '', '', '1', '27', '2017-01-26 00:59:14', null, '2017-01-26 17:37:21', '2017-01-26 17:37:21'), ('280', 'masanori-katayama-presidente588a31f36183f.jpg', 'image', 'Masanori Katayama Presidente y Director Representativo', '', '', '', '26', '8', '2017-01-26 17:29:23', null, '2017-02-09 16:56:13', '2017-02-09 16:56:13'), ('281', 'video-isuzu588a34f004814.jpg', 'image', '', '', '', '', '4', '3', '2017-01-26 17:42:08', null, '2017-01-26 18:03:46', '2017-01-26 18:03:46'), ('282', 'masanori-katayama-presidente588a3a270d101.jpg', 'image', '', '', '', 'https://www.youtube.com/watch?v=-4r_KIsYoI8', '9', '3', '2017-01-26 18:04:23', null, '2017-01-26 19:25:46', '2017-01-26 19:25:46'), ('283', 'promocion-enero-2017588a47e8a39a7.jpg', 'image', '', '', '', '', '36', '2', '2017-01-26 19:03:04', null, '2017-04-12 22:42:27', null), ('284', 'promocion-enero-2017588a4837266ca.jpg', 'image', '', '', '', '', '34', '2', '2017-01-26 19:04:23', null, '2017-04-12 22:42:27', null), ('285', 'promocion-enero-2017588a484d212dd.jpg', 'image', '', '', '', '', '33', '2', '2017-01-26 19:04:45', null, '2017-04-12 22:42:27', null), ('286', 'captura-de-pantalla-2017-01-26-a-las-122822-pm588a701eeb6b0.png', 'image', '', '', '', '', '1', '27', '2017-01-26 21:54:39', null, '2017-01-26 21:54:55', '2017-01-26 21:54:55'), ('287', 'elf-300588a720e65795.png', 'image', '', '', '', '', '4', '3', '2017-01-26 22:02:54', null, '2017-01-26 22:07:38', '2017-01-26 22:07:38'), ('288', 'isuzu-fordward588a720f53e92.png', 'image', '', '', '', '', '5', '3', '2017-01-26 22:02:55', null, '2017-01-26 22:08:50', '2017-01-26 22:08:50'), ('289', 'elf-300-1588a731ee20a7.png', 'image', 'La libertad del confort', '', '/camiones/elf-300', '', '22', '3', '2017-01-26 22:07:26', '2017-02-23-01:07:58-background.jpg', '2017-04-12 22:42:27', null), ('290', 'isuzu-fordward-1588a73698ed2c.png', 'image', 'El #1 en  su clase', '', '/camiones/forward-800', '', '30', '3', '2017-01-26 22:08:41', '2017-02-23-01:08:07-background.jpg', '2017-04-12 22:42:27', null), ('291', 'gnc-isuzu588a8ae94af3e.png', 'image', '', 'Combustible sustentable, económico y ambientalmente más limpio.', '', '', '32', '11', '2017-01-26 23:48:57', null, '2017-04-12 22:42:27', null), ('292', 'masanori-katayama588a8bcf6746f.jpg', 'image', '', '', '', '', '1', '8', '2017-01-26 23:52:47', null, '2017-01-26 23:53:07', '2017-01-26 23:53:07'), ('293', 'accesorios588bcbd93df5d.jpg', 'image', '', '', '', '', '4', '4', '2017-01-27 22:38:17', null, '2017-02-14 18:33:40', '2017-02-14 18:33:40'), ('294', 'amortiguadores588bcbd9b26b0.jpg', 'image', '', '', '', '', '21', '4', '2017-01-27 22:38:17', null, '2017-02-14 18:33:40', '2017-02-14 18:33:40'), ('295', 'bandas588bcbda352d1.jpg', 'image', '', '', '', '', '24', '4', '2017-01-27 22:38:18', null, '2017-02-14 18:33:40', '2017-02-14 18:33:40'), ('296', 'bearing-clu588bcbdab3281.jpg', 'image', '', '', '', '', '19', '4', '2017-01-27 22:38:18', null, '2017-02-14 18:33:40', '2017-02-14 18:33:40'), ('297', 'deflector-chico588bcbdb2d9d2.jpg', 'image', '', '', '', '', '12', '4', '2017-01-27 22:38:19', null, '2017-02-14 18:33:40', '2017-02-14 18:33:40'), ('298', 'deflector-grande588bcbdba8e79.jpg', 'image', '', '', '', '', '11', '4', '2017-01-27 22:38:19', null, '2017-02-14 18:33:40', '2017-02-14 18:33:40'), ('299', 'disc-clutch588bcbdc27c25.jpg', 'image', '', '', '', '', '8', '4', '2017-01-27 22:38:20', null, '2017-02-14 18:33:40', '2017-02-14 18:33:40'), ('300', 'filtro-negro588bcbdc98caa.jpg', 'image', '', '', '', '', '7', '4', '2017-01-27 22:38:20', null, '2017-02-14 18:33:40', '2017-02-14 18:33:40'), ('301', 'filtros588bcbdd2783f.jpg', 'image', '', '', '', '', '18', '4', '2017-01-27 22:38:21', null, '2017-02-14 18:33:40', '2017-02-14 18:33:40'), ('302', 'pump-as-water588bcbdd9521e.jpg', 'image', '', '', '', '', '9', '4', '2017-01-27 22:38:21', null, '2017-02-14 18:33:40', '2017-02-14 18:33:40'), ('303', 'tapete-chico588bcbde10147.jpg', 'image', '', '', '', '', '6', '4', '2017-01-27 22:38:22', null, '2017-02-14 18:33:40', '2017-02-14 18:33:40'), ('304', 'tapete-grande588bcbde8e4dd.jpg', 'image', '', '', '', '', '4', '4', '2017-01-27 22:38:22', null, '2017-02-14 18:33:35', '2017-02-14 18:33:35'), ('305', 'tapete588bcbdf08067.jpg', 'image', '', '', '', '', '22', '4', '2017-01-27 22:38:23', null, '2017-02-14 18:33:40', '2017-02-14 18:33:40'), ('306', 'tumbaburros-chico588bcbdf873a2.jpg', 'image', '', '', '', '', '15', '4', '2017-01-27 22:38:23', null, '2017-02-14 18:33:40', '2017-02-14 18:33:40'), ('307', 'tumbaburros-grande588bcbe01305f.jpg', 'image', '', '', '', '', '16', '4', '2017-01-27 22:38:24', null, '2017-02-14 18:33:40', '2017-02-14 18:33:40'), ('308', 'tsukasa-sato-isuzu-mexico589c9f2700d5d.jpg', 'image', 'Hirokazu Maruyama  Director General de Isuzu Motors de México', '', '', '', '27', '8', '2017-02-09 16:56:07', null, '2017-04-12 22:42:27', null), ('309', 'hirokasu-maruyama-presidente-mexico589c9f277f4c1.jpg', 'image', '', '', '', '', '3', '8', '2017-02-09 16:56:07', null, '2017-02-09 16:57:49', '2017-02-09 16:57:49'), ('310', 'hirokasu-maruyama-presidente-mexico589c9fa1d5c8e.jpg', 'image', 'Tsukasa Sato  Presidente y Director del Consejo', '', '', '', '31', '8', '2017-02-09 16:58:09', null, '2017-04-12 22:42:27', null), ('311', 'amortiguadores58a34e51252b4.jpg', 'image', '', '', '', '', '19', '4', '2017-02-14 18:37:05', null, '2017-02-24 15:04:26', '2017-02-24 15:04:26'), ('312', 'balero58a34e51b8df4.jpg', 'image', '', '', '', '', '12', '4', '2017-02-14 18:37:05', null, '2017-04-12 22:42:27', null), ('313', 'bandas58a34e5254494.jpg', 'image', '', '', '', '', '15', '4', '2017-02-14 18:37:06', null, '2017-04-12 22:42:27', null), ('314', 'best-value-parts58a34e531aae3.jpg', 'image', '', '', '', '', '8', '4', '2017-02-14 18:37:07', null, '2017-04-12 22:42:27', null), ('315', 'bomba-de-agua58a34e53b91b9.jpg', 'image', '', '', '', '', '14', '4', '2017-02-14 18:37:07', null, '2017-04-12 22:42:27', null), ('316', 'deflector-chico58a34e542f6d2.jpg', 'image', '', '', '', '', '19', '4', '2017-02-14 18:37:08', null, '2017-04-12 22:42:27', null), ('317', 'deflector-grande58a34e546f642.jpg', 'image', '', '', '', '', '18', '4', '2017-02-14 18:37:08', null, '2017-04-12 22:42:27', null), ('318', 'disc-clutch58a34e55085a2.jpg', 'image', '', '', '', '', '13', '4', '2017-02-14 18:37:09', null, '2017-04-12 22:42:27', null), ('319', 'filtro-negro58a34e55705cb.jpg', 'image', '', '', '', '', '10', '4', '2017-02-14 18:37:09', null, '2017-04-12 22:42:27', null), ('320', 'filtros58a34e55e647f.jpg', 'image', '', '', '', '', '9', '4', '2017-02-14 18:37:10', null, '2017-04-12 22:42:27', null), ('321', 'tapete-chico58a34e56a6e82.jpg', 'image', '', '', '', '', '20', '4', '2017-02-14 18:37:10', null, '2017-04-12 22:42:27', null), ('322', 'tapete-grande58a34e575d515.jpg', 'image', '', '', '', '', '23', '4', '2017-02-14 18:37:11', null, '2017-04-12 22:42:27', null), ('323', 'tapete58a34e579d47b.jpg', 'image', '', '', '', '', '12', '4', '2017-02-14 18:37:11', null, '2017-02-14 18:41:52', '2017-02-14 18:41:52'), ('324', 'tumbaburros-chico58a34e5826e09.jpg', 'image', '', '', '', '', '24', '4', '2017-02-14 18:37:12', null, '2017-04-12 22:42:27', null), ('325', 'tumbaburros-grande58a34e58c7078.jpg', 'image', '', '', '', '', '25', '4', '2017-02-14 18:37:12', null, '2017-04-12 22:42:27', null), ('326', 'bokeh-336605-192058af0ca0d5342.jpg', 'image', '', '', '', 'https://www.youtube.com/watch?v=3xS858QDkpE', '1', '3', '2017-02-23 16:24:00', '2017-02-23-16:25:00-background.jpg', '2017-02-23 16:28:29', '2017-02-23 16:28:29'), ('327', 'demo358af0f126535d.jpg', 'image', '', '', '', '', '3', '23', '2017-02-23 16:34:26', null, '2017-02-23 16:34:45', '2017-02-23 16:34:45'), ('328', 'demo-160-21058af10699afb0.jpg', 'image', '', '', '', '', '3', '4', '2017-02-23 16:40:09', null, '2017-02-23 16:40:41', '2017-02-23 16:40:41'), ('329', 'demo-200-20058af1069d498f.jpg', 'image', '', '', '', '', '3', '4', '2017-02-23 16:40:09', null, '2017-02-23 16:40:37', '2017-02-23 16:40:37'), ('330', 'demo-400-23058af106a5a48c.jpg', 'image', '', '', '', '', '3', '4', '2017-02-23 16:40:10', null, '2017-02-23 16:40:31', '2017-02-23 16:40:31'), ('331', 'demo-400-30058af106b08be4.jpg', 'image', '', '', '', '', '2', '4', '2017-02-23 16:40:11', null, '2017-02-23 16:40:34', '2017-02-23 16:40:34'), ('332', 'demo258af106b72b37.jpg', 'image', '', '', '', '', '2', '4', '2017-02-23 16:40:11', null, '2017-02-23 16:40:29', '2017-02-23 16:40:29'), ('333', 'demo358af106bb9bf5.jpg', 'image', '', '', '', '', '1', '4', '2017-02-23 16:40:11', null, '2017-02-23 16:40:23', '2017-02-23 16:40:23'), ('334', 'accesorios58b04a342a884.jpg', 'image', '', '', '', '', '16', '4', '2017-02-24 14:59:00', null, '2017-04-12 22:42:27', null), ('335', 'filtrodeaire-158b04a78a1bb4.jpg', 'image', '', '', '', '', '6', '4', '2017-02-24 15:00:08', null, '2017-04-12 22:42:27', null), ('336', 'genuineparts58b04a7ace268.jpg', 'image', '', '', '', '', '4', '4', '2017-02-24 15:00:10', null, '2017-04-13 18:27:21', null), ('337', 'marcha58b04a944f0a2.jpg', 'image', '', '', '', '', '3', '4', '2017-02-24 15:00:36', null, '2017-02-24 16:49:59', '2017-02-24 16:49:59'), ('338', 'piston58b04aabbb897.jpg', 'image', '', '', '', '', '5', '4', '2017-02-24 15:00:59', null, '2017-04-12 22:42:27', null), ('363', 'example58ed4fc1a31d4.jpg', 'image', '', '', '', '', '2', '33', '2017-04-11 21:50:57', null, '2017-04-12 22:42:27', null), ('364', 'mako-tfsp58ed593081980.png', 'image', '', '', '', '', '3', '34', '2017-04-11 22:31:12', null, '2017-04-12 22:42:27', null), ('365', 'foto-viper-victory-xx0358ee63089dc30.jpg', 'image', '', '', '', '', '1', '32', '2017-04-12 17:25:28', null, '2017-04-12 22:42:27', '2017-04-12 22:42:27'), ('366', 'captura-de-pantalla-2017-04-13-a-las-115435-558efbf46ef087.png', 'image', 'Test', '', '', '', '1', '32', '2017-04-13 18:11:18', null, '2017-04-13 18:28:53', null);
COMMIT;

-- ----------------------------
--  Table structure for `jobs_market`
-- ----------------------------
DROP TABLE IF EXISTS `jobs_market`;
CREATE TABLE `jobs_market` (
  `id` int(10) unsigned NOT NULL AUTO_INCREMENT,
  `name` varchar(255) COLLATE utf8_unicode_ci NOT NULL,
  `age` varchar(255) COLLATE utf8_unicode_ci NOT NULL,
  `phone` varchar(255) COLLATE utf8_unicode_ci NOT NULL,
  `email` varchar(255) COLLATE utf8_unicode_ci NOT NULL,
  `address` varchar(255) COLLATE utf8_unicode_ci NOT NULL,
  `city` varchar(255) COLLATE utf8_unicode_ci NOT NULL,
  `state_id` int(10) unsigned NOT NULL,
  `change_home` varchar(255) COLLATE utf8_unicode_ci NOT NULL,
  `civil_status` varchar(255) COLLATE utf8_unicode_ci NOT NULL,
  `experience` text COLLATE utf8_unicode_ci NOT NULL,
  `reason_work` text COLLATE utf8_unicode_ci NOT NULL,
  `gclid` varchar(255) COLLATE utf8_unicode_ci DEFAULT NULL,
  `created_at` timestamp NULL DEFAULT NULL,
  `updated_at` timestamp NULL DEFAULT NULL,
  `deleted_at` timestamp NULL DEFAULT NULL,
  PRIMARY KEY (`id`),
  KEY `jobs_market_state_id_foreign` (`state_id`) USING BTREE,
  CONSTRAINT `jobs_market_ibfk_1` FOREIGN KEY (`state_id`) REFERENCES `states` (`id`)
) ENGINE=InnoDB AUTO_INCREMENT=2 DEFAULT CHARSET=utf8 COLLATE=utf8_unicode_ci;

-- ----------------------------
--  Records of `jobs_market`
-- ----------------------------
BEGIN;
INSERT INTO `jobs_market` VALUES ('1', 'prueba', '26', '555512374855', 'prueba@correo.com', 'pruebas #34 col. pruebas', 'pruebas', '2', 'No', 'Casado', 'pruebas y más pruebas', 'para hacer mas pruebas ', '', '2016-11-22 22:48:58', '2016-11-22 22:48:58', null);
COMMIT;

-- ----------------------------
--  Table structure for `migrations`
-- ----------------------------
DROP TABLE IF EXISTS `migrations`;
CREATE TABLE `migrations` (
  `migration` varchar(255) COLLATE utf8_unicode_ci NOT NULL,
  `batch` int(11) NOT NULL
) ENGINE=InnoDB DEFAULT CHARSET=utf8 COLLATE=utf8_unicode_ci;

-- ----------------------------
--  Records of `migrations`
-- ----------------------------
BEGIN;
INSERT INTO `migrations` VALUES ('2014_09_29_164521_create_roles_table', '1'), ('2014_10_12_000000_create_users_table', '1'), ('2014_10_12_100000_create_password_resets_table', '1'), ('2016_10_20_093718_add_states_table', '1'), ('2016_10_20_181600_add_trucks_table', '1'), ('2016_10_20_181809_add_dealerships_table', '1'), ('2016_10_20_182013_add_autoresponders_table', '1'), ('2016_10_20_182120_add_quotations_table', '1'), ('2016_10_20_182632_add_staticmenus_table', '1'), ('2016_10_20_182712_add_blocks_table', '1'), ('2016_10_20_182926_add_galleries_table', '1'), ('2016_10_20_190000_add_promotions_table', '1'), ('2016_10_24_181937_add_jobs_market_table', '1'), ('2016_10_24_182712_add_categories_table', '1'), ('2016_10_24_182736_add_articles_table', '1'), ('2016_10_25_170535_add_gallery_elements_table', '1');
COMMIT;

-- ----------------------------
--  Table structure for `password_resets`
-- ----------------------------
DROP TABLE IF EXISTS `password_resets`;
CREATE TABLE `password_resets` (
  `email` varchar(255) COLLATE utf8_unicode_ci NOT NULL,
  `token` varchar(255) COLLATE utf8_unicode_ci NOT NULL,
  `created_at` timestamp NOT NULL DEFAULT CURRENT_TIMESTAMP ON UPDATE CURRENT_TIMESTAMP,
  KEY `password_resets_email_index` (`email`) USING BTREE,
  KEY `password_resets_token_index` (`token`) USING BTREE
) ENGINE=InnoDB DEFAULT CHARSET=utf8 COLLATE=utf8_unicode_ci;

-- ----------------------------
--  Table structure for `promotions`
-- ----------------------------
DROP TABLE IF EXISTS `promotions`;
CREATE TABLE `promotions` (
  `id` int(10) unsigned NOT NULL AUTO_INCREMENT,
  `title` varchar(255) COLLATE utf8_unicode_ci NOT NULL,
  `subtitle` varchar(255) COLLATE utf8_unicode_ci NOT NULL,
  `active` tinyint(4) NOT NULL DEFAULT '0',
  `meta_description` varchar(255) COLLATE utf8_unicode_ci DEFAULT NULL,
  `created_at` timestamp NULL DEFAULT NULL,
  `updated_at` timestamp NULL DEFAULT NULL,
  `deleted_at` timestamp NULL DEFAULT NULL,
  PRIMARY KEY (`id`)
) ENGINE=InnoDB AUTO_INCREMENT=4 DEFAULT CHARSET=utf8 COLLATE=utf8_unicode_ci;

-- ----------------------------
--  Records of `promotions`
-- ----------------------------
BEGIN;
INSERT INTO `promotions` VALUES ('1', 'Grandes Descuentos', '', '1', '', '2016-11-08 23:10:59', '2016-11-15 18:57:13', null), ('2', 'Prueba ', 'Prueba ', '1', 'Prueba', '2016-11-14 22:44:26', '2016-11-14 22:44:26', null), ('3', 'El buen fin', 'el buen fin', '1', 'El buen fin', '2016-11-14 22:48:33', '2016-11-14 22:48:33', null);
COMMIT;

-- ----------------------------
--  Table structure for `quotation_truck`
-- ----------------------------
DROP TABLE IF EXISTS `quotation_truck`;
CREATE TABLE `quotation_truck` (
  `id` int(10) unsigned NOT NULL AUTO_INCREMENT,
  `quotation_id` int(10) unsigned NOT NULL,
  `truck_id` int(10) unsigned NOT NULL,
  `created_at` timestamp NULL DEFAULT NULL,
  `updated_at` timestamp NULL DEFAULT NULL,
  PRIMARY KEY (`id`),
  KEY `quotation_truck_quotation_id_foreign` (`quotation_id`) USING BTREE,
  KEY `quotation_truck_truck_id_foreign` (`truck_id`) USING BTREE
) ENGINE=InnoDB DEFAULT CHARSET=utf8 COLLATE=utf8_unicode_ci;

-- ----------------------------
--  Table structure for `quotations`
-- ----------------------------
DROP TABLE IF EXISTS `quotations`;
CREATE TABLE `quotations` (
  `id` int(10) unsigned NOT NULL AUTO_INCREMENT,
  `autoresponder_id` int(10) unsigned NOT NULL,
  `email` varchar(255) COLLATE utf8_unicode_ci NOT NULL,
  `name` varchar(255) COLLATE utf8_unicode_ci NOT NULL,
  `state_id` int(10) unsigned NOT NULL,
  `area_code` varchar(255) COLLATE utf8_unicode_ci NOT NULL,
  `phone` varchar(255) COLLATE utf8_unicode_ci NOT NULL,
  `company_name` varchar(255) COLLATE utf8_unicode_ci NOT NULL,
  `bussiness_office` varchar(255) COLLATE utf8_unicode_ci NOT NULL,
  `other_office` varchar(255) COLLATE utf8_unicode_ci NOT NULL,
  `bussiness_type` varchar(255) COLLATE utf8_unicode_ci NOT NULL,
  `material_transport` varchar(255) COLLATE utf8_unicode_ci NOT NULL,
  `other_material` varchar(255) COLLATE utf8_unicode_ci NOT NULL,
  `load_weight` varchar(255) COLLATE utf8_unicode_ci NOT NULL,
  `message_text` text COLLATE utf8_unicode_ci NOT NULL,
  `gclid` varchar(255) COLLATE utf8_unicode_ci DEFAULT NULL,
  `created_at` timestamp NULL DEFAULT NULL,
  `updated_at` timestamp NULL DEFAULT NULL,
  `deleted_at` timestamp NULL DEFAULT NULL,
  PRIMARY KEY (`id`),
  KEY `quotations_state_id_foreign` (`state_id`) USING BTREE,
  KEY `quotations_autoresponder_id_foreign` (`autoresponder_id`) USING BTREE,
  CONSTRAINT `quotations_ibfk_1` FOREIGN KEY (`autoresponder_id`) REFERENCES `autoresponders` (`id`),
  CONSTRAINT `quotations_ibfk_2` FOREIGN KEY (`state_id`) REFERENCES `states` (`id`)
) ENGINE=InnoDB AUTO_INCREMENT=32 DEFAULT CHARSET=utf8 COLLATE=utf8_unicode_ci;

-- ----------------------------
--  Records of `quotations`
-- ----------------------------
BEGIN;
INSERT INTO `quotations` VALUES ('1', '1', 'cecilia.hernandez@masclicks.com.mx', 'Cecilia Imelda', '10', '951', '2704990', 'Ejemplo', 'Director General', '', 'Pequeña', 'Agua', '', 'Menos de una tonelada', '', null, '2016-11-07 23:07:51', '2016-11-07 23:07:51', null), ('2', '1', 'uzziel.alonso@masclicks.com.mx', 'Erick Uzziel', '18', '951', '21241241', 'Sndy\'s', 'Responsable de Compras', '', 'Grande', 'Material de Construcción', '', 'Menos de una tonelada', '', null, '2016-11-07 23:11:58', '2016-11-07 23:11:58', null), ('3', '1', 'uzziel.alonso@masclicks.com.mx', 'Erick Uzziel', '18', '951', '21142156', 'Ejemplo', 'Responsable de Compras', '', 'Grande', 'Material de Construcción', '', 'Menos de una tonelada', 'Ejemplo', null, '2016-11-07 23:16:44', '2016-11-07 23:16:44', null), ('4', '1', 'cecilia.hernandez@masclicks.com.mx', 'Filomena Hernandez Martinez', '20', '951', '2704990', 'EJEMPLO', 'Ejecutivo de Compras', '', 'Grande', 'Agua', '', 'Menos de una tonelada', 'EJMEPLO EJEMPLO', null, '2016-11-08 00:02:46', '2016-11-08 00:02:46', null), ('5', '1', 'cecilia.hernandez@masclicks.com.mx', 'Filomena Hernandez Martinez', '20', '951', '2704990', 'EJEMPLO', 'Ejecutivo de Compras', '', 'Grande', 'Agua', '', 'Menos de una tonelada', 'EJMEPLO EJEMPLO', null, '2016-11-08 00:06:54', '2016-11-08 00:06:54', null), ('6', '1', 'cecilia.hernandez@masclicks.com.mx', 'Cecilia Imelda Hernandez Martinez', '2', '951', '2804990', 'Empresa Nueva', 'Ejecutivo de Compras', '', 'Grande', 'Alimentos sin Refrigerar', '', '2 Toneladas', 'Hola Hola', null, '2016-11-10 20:07:41', '2016-11-10 20:07:41', null), ('7', '1', 'cecilia.hernandez@masclicks.com.mx', 'Cecilia Imelda', '1', '951', '2704990', '', 'Dueño', '', 'Grande', 'Lácteos', 'ffdfdfdf', '1 Tonelada', '', null, '2016-11-11 17:45:27', '2016-11-11 17:45:27', null), ('8', '1', 'uzziel.alonso@masclicks.com.mx', 'Nokia', '3', '4343', '12132232242', 'Sportfitness', 'Director General', '', 'Grande', 'Frutas y Legumbres', '', '3 Toneladas', 'ddwedweoiweofiweof iweofijweifwoeifjwei foweif joweijf oweifwoeifjowe fowefwe', null, '2016-11-11 17:46:27', '2016-11-11 17:46:27', null), ('9', '3', 'cecilia.hernandez.martinez@masclicks.com.mx', 'Cecilia Imelda', '10', '951', '2704990', '', 'Dueño', '', 'Grande', 'Alimentos sin Refrigerar', '', '2 Toneladas', '', null, '2016-11-11 17:52:18', '2016-11-11 17:52:18', null), ('10', '1', 'eli.maceda@masclicks.com.mx', 'Prueba', '4', '552', '5566178727', '', 'Director General', '', 'Pequeña', 'Agua', '', 'Menos de una tonelada', '', null, '2016-11-11 18:06:07', '2016-11-11 18:06:07', null), ('11', '2', 'eli.maceda@masclicks.com.mx', 'Eli Maceda', '1', '044', '555652', 'Pruebas', 'Responsable de Compras', '', 'Grande', 'Alimentos sin Refrigerar', '', '3 Toneladas', 'Esto es una prueba ', '', '2016-11-17 17:45:15', '2016-11-17 17:45:15', null), ('12', '1', 'eli.maceda@masclicks.com.mx', 'Eli Maceda', '2', '044', '5566178727', 'Pruebas', 'Ejecutivo de Compras', '', 'Pequeña', 'Alimentos sin Refrigerar', '', '3 Toneladas', 'Esto es una prueba desde móvil :) ', '', '2016-11-29 00:27:59', '2016-11-29 00:27:59', null), ('13', '2', 'eli.maceda@masclicks.com.mx', 'Eli Maceda', '3', '555', '12345678', 'masclicks', 'Ejecutivo de Compras', '', 'Mediana', 'Material de Construcción', '', '7 Toneladas', 'prueba 1 ', '', '2016-12-06 00:26:25', '2016-12-06 00:26:25', null), ('14', '1', 'eli.maceda@masclicks.com.mx', 'Eli Maceda', '1', '55044', '982474934848', 'masclicks', 'Responsable de Compras', '', 'Grande', 'Frutas y Legumbres', '', '3 Toneladas', 'prueba mil ', '', '2016-12-07 00:48:44', '2016-12-07 00:48:44', null), ('15', '2', 'eli.maceda@masclicks.com.mx', 'Eli Maceda', '33', '5263', '928398098', 'prueas', 'Director General', '', 'Pequeña', 'Agua', '', 'Menos de una tonelada', 'uwqhduiedjui', '', '2016-12-07 01:07:59', '2016-12-07 01:07:59', null), ('16', '1', 'adria@hotmail.com', 'ADRIAN TREJO', '9', '0155', '46060000', 'particular', 'Dueño', '', 'Pequeña', 'Material de Construcción', '', '5 Toneladas', '', '', '2016-12-07 17:14:46', '2016-12-07 17:14:46', null), ('17', '1', 'dsgfgdf@gmail.com', 'sfds', '33', '951', '32452462', '', 'Director General', '', 'Pequeña', 'Agua', '', 'Menos de una tonelada', '', '', '2016-12-07 19:59:46', '2016-12-07 19:59:46', null), ('18', '1', 'javierg@gmail.com', 'Javier Guerrero ', '1', '555', '1234567', 'Javier & Co. ', 'Director de Flotilla', 'Hola', 'Negocio Propio', 'Alimentos Refrigerados', '', 'Menos de una tonelada', 'Estoy interesado en el ELF100. Me gustaría ver el camión. ', '', '2016-12-16 00:35:18', '2016-12-16 00:35:18', null), ('19', '1', 'prueba@correo.com', 'Prueb', '22', '555', '152626366', 'Pruebas masclicks', 'Ejecutivo de Compras', '', 'Grande', 'Alimentos sin Refrigerar', '', '2 Toneladas', 'Pruebas  y mas pruebas ', '', '2016-12-19 23:09:29', '2016-12-19 23:09:29', null), ('20', '2', 'gerardo.ramirez@masclicks.com.mx', 'gerardo', '33', '555', '654654654654', '', 'Otro', '', 'Seleccionar', 'Otro', '', 'Seleccionar', '', '', '2016-12-22 19:23:22', '2016-12-22 19:23:22', null), ('21', '2', 'cecilia.hernandez@masclicks.com.mx', 'Cecilia Imelda', '33', '951', '2804990', '', 'Otro', '', 'Seleccionar', 'Otro', '', 'Seleccionar', '', '', '2016-12-22 19:25:13', '2016-12-22 19:25:13', null), ('22', '2', 'gerardo.ramirez@masclicks.com.mx', 'gerardo', '33', '555', '654654654654', '', 'Otro', '', 'Seleccionar', 'Otro', '', 'Seleccionar', '', '', '2016-12-22 19:25:50', '2016-12-22 19:25:50', null), ('23', '2', 'cristina.pineda@masclicks.com.mx', 'Prueba', '3', '055', '5534996097', 'Masclicks', 'Director General', '', 'Pequeña', 'Alimentos Refrigerados', '', 'Menos de una tonelada', 'Prueba formulario', '', '2017-02-02 22:01:33', '2017-02-02 22:01:33', null), ('24', '2', 'cristina.pineda@masclicks.com.mx', 'Prueba', '3', '052', '55806390', 'Masclicks', 'Director General', '', 'Pequeña', 'Alimentos Refrigerados', '', 'Menos de una tonelada', 'Prueba', '', '2017-02-02 22:28:17', '2017-02-02 22:28:17', null), ('25', '2', 'cristina.pineda@masclicks.com.mx', 'Prueba Cotización', '1', '052', '55806390', 'Masclicks 1', 'Operador', '', 'Grande', 'Agua', '', 'Menos de una tonelada', 'Prueba Cotización', '', '2017-02-02 22:32:56', '2017-02-02 22:32:56', null), ('26', '2', 'cecilia.hernandez@masclicks.com.mx', 'Cecilia Imelda', '2', '951', '2804990', 'Masclicks', 'Otro', 'prueba', 'Pequeña', 'Gas', '', '3 Toneladas', 'prueba', '', '2017-02-02 23:37:46', '2017-02-02 23:37:46', null), ('27', '2', 'cristina.pineda@masclicks.com.mx', 'Prueba Cotiza', '1', '052', '55806530', 'Masclicks', 'Director de Flotilla', '', 'Grande', 'Agua', '', '1 Tonelada', 'Prueba Cotizador', '', '2017-02-20 18:38:08', '2017-02-20 18:38:08', null), ('28', '2', 'cristina.pineda@masclicks.com.mx', 'Criss', '1', '052', '5534996097', 'Masclicks', 'Otro', 'Otro', 'Pequeña', 'Agua', '', 'Menos de una tonelada', 'Prueba desarrollos', '', '2017-02-23 00:41:02', '2017-02-23 00:41:02', null), ('29', '2', 'cristina.pineda@masclicks.com.mx', 'Prueba 2 o-rigen', '1', '052', '5534996097', 'Masclicks', 'Director General', '', 'Pequeña', 'Alimentos sin Refrigerar', '', '1 Tonelada', 'Prueba desarrollos origen', '', '2017-02-23 01:12:43', '2017-02-23 01:12:43', null), ('30', '1', 'cristina.pineda@masclicks.com.mx', 'Cristina', '9', '052', '5534996097', 'Masclicks', 'Director de Flotilla', '', 'Mediana', 'Alimentos Refrigerados', '', '2 Toneladas', 'Prueba', '', '2017-02-23 16:55:50', '2017-02-23 16:55:50', null), ('31', '1', 'nancy.rod.mkt@gmail.com', 'Nancy Rodríguez', '2', '550', '5523408370', 'PRUEBA', 'Director General', '', 'Mediana', 'Alimentos Refrigerados', '', '2 Toneladas', 'informacion', '', '2017-02-24 17:06:11', '2017-02-24 17:06:11', null);
COMMIT;

-- ----------------------------
--  Table structure for `roles`
-- ----------------------------
DROP TABLE IF EXISTS `roles`;
CREATE TABLE `roles` (
  `id` int(10) unsigned NOT NULL AUTO_INCREMENT,
  `name` varchar(255) COLLATE utf8_unicode_ci NOT NULL,
  `type` varchar(255) COLLATE utf8_unicode_ci NOT NULL,
  `created_at` timestamp NULL DEFAULT NULL,
  `updated_at` timestamp NULL DEFAULT NULL,
  PRIMARY KEY (`id`)
) ENGINE=InnoDB AUTO_INCREMENT=4 DEFAULT CHARSET=utf8 COLLATE=utf8_unicode_ci;

-- ----------------------------
--  Records of `roles`
-- ----------------------------
BEGIN;
INSERT INTO `roles` VALUES ('1', 'Administrador', 'Admin', '2016-11-07 22:11:07', null), ('2', 'Editor de Blog', 'Blog', '2016-11-07 22:11:07', null), ('3', 'Intranet', 'Intranet', '2017-04-05 12:59:54', '2017-04-05 12:59:57');
COMMIT;

-- ----------------------------
--  Table structure for `states`
-- ----------------------------
DROP TABLE IF EXISTS `states`;
CREATE TABLE `states` (
  `id` int(10) unsigned NOT NULL AUTO_INCREMENT,
  `clave` int(11) NOT NULL,
  `name` varchar(255) COLLATE utf8_unicode_ci NOT NULL,
  `slug` varchar(255) COLLATE utf8_unicode_ci DEFAULT NULL,
  `created_at` timestamp NULL DEFAULT NULL,
  `updated_at` timestamp NULL DEFAULT NULL,
  PRIMARY KEY (`id`)
) ENGINE=InnoDB AUTO_INCREMENT=34 DEFAULT CHARSET=utf8 COLLATE=utf8_unicode_ci;

-- ----------------------------
--  Records of `states`
-- ----------------------------
BEGIN;
INSERT INTO `states` VALUES ('1', '1', 'Aguascalientes', 'aguascalientes', '2016-11-07 22:11:08', null), ('2', '2', 'Baja California', 'baja-california-norte', '2016-11-07 22:11:08', null), ('3', '3', 'Baja California Sur', 'baja-california-sur', '2016-11-07 22:11:08', null), ('4', '4', 'Campeche', 'campeche', '2016-11-07 22:11:08', null), ('5', '5', 'Coahuila', 'coahuila', '2016-11-07 22:11:08', null), ('6', '6', 'Colima', 'colima', '2016-11-07 22:11:08', null), ('7', '7', 'Chiapas', 'chiapas', '2016-11-07 22:11:08', null), ('8', '8', 'Chihuahua', 'chihuahua', '2016-11-07 22:11:08', null), ('9', '9', 'Ciudad de Mexico', 'ciudad-de-mexico', '2016-11-07 22:11:09', null), ('10', '10', 'Durango', 'durango', '2016-11-07 22:11:09', null), ('11', '11', 'Guanajuato', 'guanajuato', '2016-11-07 22:11:09', null), ('12', '12', 'Guerrero', 'guerrero', '2016-11-07 22:11:09', null), ('13', '13', 'Hidalgo', 'hidalgo', '2016-11-07 22:11:09', null), ('14', '14', 'Jalisco', 'jalisco', '2016-11-07 22:11:09', null), ('15', '15', 'Estado de México', 'estado-de-mexico', '2016-11-07 22:11:09', null), ('16', '16', 'Michoacán', 'michoacan', '2016-11-07 22:11:09', null), ('17', '17', 'Morelos', 'morelos', '2016-11-07 22:11:09', null), ('18', '18', 'Nayarit', 'nayarit', '2016-11-07 22:11:09', null), ('19', '19', 'Nuevo Leon', 'nuevo-leon', '2016-11-07 22:11:09', null), ('20', '20', 'Oaxaca', 'oaxaca', '2016-11-07 22:11:09', null), ('21', '21', 'Puebla', 'puebla', '2016-11-07 22:11:09', null), ('22', '22', 'Querétaro', 'queretaro', '2016-11-07 22:11:09', null), ('23', '23', 'Quintana Roo', 'quintana-roo', '2016-11-07 22:11:09', null), ('24', '24', 'San Luis Potosí', 'san-luis-potosi', '2016-11-07 22:11:09', null), ('25', '25', 'Sinaloa', 'sinaloa', '2016-11-07 22:11:09', null), ('26', '26', 'Sonora', 'sonora', '2016-11-07 22:11:09', null), ('27', '27', 'Tabasco', 'tabasco', '2016-11-07 22:11:09', null), ('28', '28', 'Tamaulipas', 'tamaulipas', '2016-11-07 22:11:09', null), ('29', '29', 'Tlaxcala', 'tlaxcala', '2016-11-07 22:11:09', null), ('30', '30', 'Veracruz', 'veracruz', '2016-11-07 22:11:09', null), ('31', '31', 'Yucatán', 'yucatan', '2016-11-07 22:11:10', null), ('32', '32', 'Zacatecas', 'zacatecas', '2016-11-07 22:11:10', null), ('33', '0', '', '', '2016-11-11 11:57:59', null);
COMMIT;

-- ----------------------------
--  Table structure for `staticmenus`
-- ----------------------------
DROP TABLE IF EXISTS `staticmenus`;
CREATE TABLE `staticmenus` (
  `id` int(10) unsigned NOT NULL AUTO_INCREMENT,
  `slug` varchar(255) COLLATE utf8_unicode_ci NOT NULL,
  `meta_description` varchar(255) COLLATE utf8_unicode_ci NOT NULL,
  `name` varchar(255) COLLATE utf8_unicode_ci NOT NULL,
  `title` varchar(255) COLLATE utf8_unicode_ci NOT NULL,
  `subtitle` varchar(255) COLLATE utf8_unicode_ci NOT NULL,
  `text` text COLLATE utf8_unicode_ci NOT NULL,
  `created_at` timestamp NULL DEFAULT NULL,
  `updated_at` timestamp NULL DEFAULT NULL,
  `deleted_at` timestamp NULL DEFAULT NULL,
  PRIMARY KEY (`id`)
) ENGINE=InnoDB AUTO_INCREMENT=7 DEFAULT CHARSET=utf8 COLLATE=utf8_unicode_ci;

-- ----------------------------
--  Records of `staticmenus`
-- ----------------------------
BEGIN;
INSERT INTO `staticmenus` VALUES ('1', 'acerca-de', 'Acerca de', 'Acerca de', 'Acerca de ', '', '', '2016-11-07 22:11:08', '2016-11-29 19:48:20', null), ('2', 'aviso-de-privacidad', 'Aviso de Privacidad', 'Aviso de Privacidad', 'Aviso de Privacidad', '', '<p style=\"text-align: center; \">Políticas de Privacidad de Isuzu Motors de México S. de R. L.</p><p>Isuzu Motors de México, S. de R.L. (IMEX) con domicilio en Paseo de la Reforma 350 Piso 18, Colonia Juárez, C.P. 06600, en México, Distrito Federal, hace de su conocimiento que los datos personales de usted, incluyendo los sensibles, que actualmente o en el futuro obren en nuestras bases de datos, serán tratados y/o utilizados por: IMEX y/o las empresas controladoras de ésta última y/o nuestras empresas filiales y/o subsidiarias y/o aquellos terceros que, por la naturaleza de sus trabajos o funciones tengan la necesidad de tratar y/o utilizar sus datos personales; con el propósito de cumplir aquellas obligaciones que se derivan de la relación jurídica existente entre usted como titular de los datos personales y las empresas antes señaladas.<br></p><p>IMEX podrá transferir los datos personales que obren en sus bases de datos a cualesquiera de las empresas controladoras de ésta última y/o a sus empresas filiales y/o subsidiarias e incluso a terceras personas, nacionales o extranjeras, salvo que los titulares respectivos manifiesten expresamente su oposición, en términos de lo dispuesto por la Ley Federal de Protección de Datos Personales en Posesión de los Particulares (la Ley).</p><p>Los titulares podrán ejercer los derechos que les confiere la Ley, a partir del 6 de enero de 2012, mediante el envío de una solicitud por escrito que deberá ser presentada en el domicilio mencionado en el primer párrafo del presente aviso. Todas las solicitudes que sean presentadas a IMEX, independiente del medio utilizado por los titulares, deberán:</p><p>Incluir el nombre y firma autógrafa del titular, así como un domicilio u otro medio para comunicarle la respuesta a su solicitud.</p><p>Acompañarse de los documentos oficiales que acrediten la identidad del titular.</p><p>Incluir una descripción clara y precisa de los datos personales respecto de los cuales ejercitará los derechos que les confiere la Ley.</p><p>Incluir cualquier elemento o documento que facilite la localización de los datos personales de que se traten.</p><p>IMEX se reserva el derecho de cambiar, modificar, complementar y/o alterar el presente aviso, en cualquier momento, en cuyo caso se hará de su conocimiento a través de cualquiera de los medios que establece la legislación en la materia.</p><p>Para cada visitante a nuestro sitio, el servidor reconocerá únicamente el dominio del navegante, no sus direcciones de e-mail (donde sea posible). Recolectamos direcciones de e-mail de aquellas personas que deseen comunicarse con nosotros por esta vía, agregando información de qué páginas los navegantes visitan e información que el navegante voluntariamente nos provee.</p><p>La información que recolectamos nos sirve y es usada para modificar y arreglar el contenido de este sitio. Bajo ningún motivo esta información es compartida con otras organizaciones para fines comerciales.</p><p>Si usted nos provee de su dirección de e-mail, dirección postal o algún número telefónico vía consulta en línea, es posible que reciba periódicamente correos o llamadas, acerca de información de nuevos productos, servicios y/o futuros eventos. Si usted no desea recibir dichos correos o llamadas por favor especifíquelo en su consulta al enviarnos un mensaje.</p><p>Nosotros no compartimos su información con ninguna empresa no afiliada u organizaciones terceras.</p><p>De vez en cuando, usaremos la información de los usuarios para nuevos usos sin previo aviso, los cuales aún podrán no haber sido especificados en esta página. Si nuestra práctica de manejo de información llegara a cambiar en un futuro, nosotros proveeremos con la información debida en esta página de Internet para que el usuario tenga la habilidad de decidir si está de acuerdo con el uso de su información. Si usted está preocupado con el uso que se le pueda dar a su información, le aconsejamos visite nuestra página regularmente.</p><p>Si usted NO DESEA recibir correspondencia nuestra por ninguna de estas vías, bastará que así lo señale específicamente, marcando debidamente la opción en el espacio correspondiente.</p><br>', '2016-11-07 22:11:08', '2016-11-23 00:37:06', null), ('3', 'postventa', 'Encuentra las mejores promociones en refacciones ', 'Postventa', 'Postventa', '', '', '2016-11-07 22:11:08', '2017-04-11 22:49:30', null), ('4', 'terminos-y-condiciones', 'Terminos y Condiciones', 'Terminos y Conciones', 'Terminos y Condiciones', '', '<p style=\"text-align: center; \"><strong>Uso del sitio de Isuzu Motors de México S. de R..L.</strong></p><p>Este sitio contiene información sobre Isuzu Motors de México S. de R. L., por lo que su acceso, consulta y uso de las aplicaciones que en él se encuentren, se rigen conforme a los siguientes términos, condiciones y legislación aplicable.</p><p>Si usted no está de acuerdo con estos términos, le sugerimos no utilizar este sitio.</p><p>Los términos de uso aquí estipulados podrán ser modificados en forma en cualquier momento y como Isuzu Motors de México S. de R. L. así determine, por lo que le recomendamos los revise periódicamente.</p><p>Isuzu Motors de México S. de R. L.. no es responsable por la exactitud de la información aquí contenida, ni es responsable por errores u omisiones que pudieran ocurrir en este sitio.&nbsp;</p><p>Todos los productos y servicios citados en esta página cuentan con los registros necesarios, y es parte de la política de Isuzu Motors de México S. de R. L. cumplir y hacer cumplir a cualquier usuario de este sitio el respeto a tales registros.</p><p>Los autores de la información, diseño e imágenes, entre otros, se han reservado su uso exclusivo, protegiéndolos de acuerdo a las leyes mexicanas vigentes, por lo que cualquier reproducción, retransmisión, modificación o uso indebido del contenido de este sitio, salvo propósitos personales, requiere del consentimiento previo de Isuzu Motors de México S. de R. L., ya que en caso contrario, dicha compañía tomará las medidas pertinentes.</p><p>Isuzu Motors de México S. de R. L.., conteste a sus preguntas por el simple hecho de usar esta vía, Isuzu Motors de México S. de R. L.. considerará su aprobación en que nada de lo que escriba será considerado como \"información confidencial\" y, por lo tanto, sin reservas de titularidad de propiedad intelectual por su parte, Isuzu Motors de México S. de R. L. está autorizado para divulgar su consulta, así como utilizar sus ideas, conceptos y conocimientos, entre otros, sin limitación alguna.</p><p>Los datos personales registrados y disponibles para Isuzu Motors de México S. de R. L. con su visita a este sitio, solamente serán procesados de acuerdo con las instrucciones de consulta estipuladas en las Políticas de Privacidad.</p><p>En caso de que al consultar este sitio usted sea remitido a páginas que no sean de Isuzu Motors de México S. de R. L., queda establecido que no existe responsabilidad legal alguna para Isuzu Motors de México S. de R. L. en este caso, ya que el propósito de ello es únicamente ampliar ciertos temas de su interés.</p><p>Isuzu Motors de México S. de R. L. tampoco será responsable por el mal uso que se haga de claves de acceso a información restringida (en el caso que las hubiera).</p><p>Isuzu Motors de México S. de R. L., se reserva el derecho de modificar las características, especificaciones, equipos y accesorios mencionados, dependiendo de las necesidades del mercado. Si deseas información adicional más actualizada, sobre disponibilidad, opciones o accesorios, consulta a tu concesionario Isuzu más cercano. En todas las unidades, Isuzu garantiza el tren motriz y los sistemas electromecánicos por 3 años ó 100 mil kilómetros, lo que ocurra primero a partir de la fecha de compra. Isuzu Motors de México S. de R. L., se reserva el derecho de efectuar cualquier modificación sin previo aviso con respecto a precios, colores, equipos o especificaciones aquí presentadas, o descontinuar la producción de un modelo determinado.</p><p>La apariencia y especificaciones de los modelos Isuzu pueden variar a los mostrados en las fotografías. Todas las fotografías, ilustraciones, equipo e información técnica mostrada en este sitio web está basada en la última información disponible al tiempo de su publicación.&nbsp;</p><p>Los vehículos Isuzu son ensamblados con componentes hechos por Isuzu Motors Limited, compañias afiliadas y proveedores independientes. Siendo fabricado bajos los estrictos estándares Isuzu de calidad, desempeño y seguridad. Consulte a su concesionario autorizado para más detalles.</p><br>', '2016-11-07 22:11:08', '2016-11-23 00:40:50', null), ('5', 'home', 'Home', 'Home', '', '', '', '2016-11-07 22:11:08', null, null), ('6', 'nosotros', 'Conoce más acerca de nuestra orgullosa herencia Japonesa y la calidad de nuestros productos.', 'Nosotros', 'Nosotros', 'Conoce más acerca de nuestra orgullosa herencia Japonesa y la calidad de nuestros productos.', '', '2017-01-26 00:22:56', '2017-01-26 00:56:22', null);
COMMIT;

-- ----------------------------
--  Table structure for `users`
-- ----------------------------
DROP TABLE IF EXISTS `users`;
CREATE TABLE `users` (
  `id` int(10) unsigned NOT NULL AUTO_INCREMENT,
  `role_id` int(10) unsigned NOT NULL,
  `name` varchar(255) COLLATE utf8_unicode_ci NOT NULL,
  `email` varchar(255) COLLATE utf8_unicode_ci NOT NULL,
  `password` varchar(60) COLLATE utf8_unicode_ci NOT NULL,
  `active` tinyint(4) NOT NULL,
  `remember_token` varchar(100) COLLATE utf8_unicode_ci DEFAULT NULL,
  `created_at` timestamp NULL DEFAULT NULL,
  `updated_at` timestamp NULL DEFAULT NULL,
  `deleted_at` timestamp NULL DEFAULT NULL,
  PRIMARY KEY (`id`),
  UNIQUE KEY `users_email_unique` (`email`) USING BTREE,
  KEY `users_role_id_foreign` (`role_id`) USING BTREE,
  CONSTRAINT `users_ibfk_1` FOREIGN KEY (`role_id`) REFERENCES `roles` (`id`) ON DELETE CASCADE
) ENGINE=InnoDB AUTO_INCREMENT=18 DEFAULT CHARSET=utf8 COLLATE=utf8_unicode_ci;

-- ----------------------------
--  Records of `users`
-- ----------------------------
BEGIN;
INSERT INTO `users` VALUES ('9', '1', 'programacion', 'go.cervantes@gmail.com', '$2y$10$97Fqtuj2wBONOWKAPQxPROZkxUe.RmBb2ivRQDoJ4VvlYF3T0dECi', '1', 'kktXKgGVuGzytHXJ8T3xjLTztn2CQpnXZoV97SEPX580Z4wawuE1tIdrEDol', '2017-02-13 17:21:19', '2017-04-12 23:20:51', null);
COMMIT;

SET FOREIGN_KEY_CHECKS = 1;
